Stock,Price,Rating
APPS,37.54,99
APVO,45.69,99
AWH,4.57,99
BGFV,9.7,99
BLNK,18.34,99
CELH,34.02,99
CLDX,20,99
CMBM,21.47,99
CMT,10.98,99
CODX,10.87,99
COHN,16.96,99
CRDF,16.66,99
CRSR,37.9,99
CTIC,3.53,99
DQ,40.08,99
ENPH,128.89,99
EXPI,45.48,99
FCEL,5.36,99
FPRX,18.17,99
FTCH,45.59,99
FUTU,46.47,99
FUV,16,99
FVRR,179.88,99
GRWG,29.46,99
IEA,11.82,99
JKS,59.23,99
JMIA,24.23,99
KIRK,11.58,99
KOD,137.92,99
KSPN,12.67,99
KXIN,3.01,99
LI,36.74,99
LMB,11.49,99
MCRB,32.05,99
MRSN,23.47,99
NIO,48.45,99
NLS,19.49,99
NTZ,6.25,99
NVAX,86.4,99
OIIM,6.77,99
OSTK,58.15,99
PACB,15.35,99
PEIX,5.62,99
PLUG,23.79,99
PRPH,7.41,99
PRTS,13.62,99
RIOT,6,99
RVP,11.85,99
SAVA,7.47,99
SOL,5.41,99
SPI,8.72,99
SPWR,21.02,99
SRRK,40.08,99
SUMR,16.64,99
SUNW,4.52,99
TCON,8.52,99
TCS,10.38,99
TSLA,499.27,99
TUP,35.15,99
TWST,114.5,99
UAVS,2.68,99
VERI,16.32,99
VXRT,5.91,99
WKHS,22.78,99
WTRH,3.42,99
ZM,414.29,99
ALT,9.57,98
AMRK,30.95,98
ARCT,59.36,98
ARNC,28.56,98
AXTI,9.91,98
BNTX,94.93,98
BTAI,48.4,98
CBLI,3.03,98
CLCT,67.07,98
COGT,9.86,98
CPS,36.75,98
CRNC,77.52,98
DAC,14.76,98
DKNG,49.32,98
DNLI,61.75,98
FBRX,39.63,98
FOSL,11.92,98
GME,12.46,98
GNPX,3.12,98
GOGO,9.94,98
IMVT,48.48,98
INOD,3.89,98
IPWR,7.9,98
KROS,69.49,98
LITB,3.11,98
LL,27.52,98
LOB,44.1,98
LPRO,29.98,98
LUB,2.9,98
LWAY,6.93,98
MARA,3.09,98
MGI,7.02,98
MRNA,92.77,98
NEON,7.67,98
NET,65.89,98
NETE,9.67,98
NK,8.5,98
OBLG,3.5,98
OCUL,13.74,98
OMI,23.33,98
OPTT,2.02,98
PDD,137.66,98
PINS,65.95,98
PLTR,18.98,98
PPSI,3.57,98
PRLD,54.95,98
PRTY,3.8,98
PTON,105.26,98
REPL,49.12,98
RUN,59.5,98
SE,173.47,98
SITM,82.21,98
SNAP,42.29,98
STKL,9.24,98
SUP,4.36,98
TA,31.82,98
TRUP,96.19,98
TRVN,2.45,98
TWI,4.87,98
UPWK,34.81,98
VOXX,11.49,98
WWR,5.84,98
XPEV,48.11,98
ZDGE,3.74,98
ACMR,75.95,97
AHCO,29.46,97
ALTM,37.97,97
ALXO,70.64,97
APPN,119,97
BBBY,20.43,97
BILI,58.46,97
BXC,26.01,97
CALX,24.05,97
CBAY,7.76,97
CCXI,56.92,97
CDNA,59.25,97
CLIR,2.38,97
CLPT,9.32,97
CYH,8.68,97
CYRX,46.91,97
DMRC,39.5,97
EIGI,9.43,97
FLGT,41.66,97
FSLY,80.26,97
GSHD,130.65,97
GSX,71.35,97
HBP,3.63,97
HYRE,6.23,97
HZN,6.88,97
IDRA,3.59,97
INSP,178.39,97
IRTC,225.83,97
KODK,7.49,97
KURA,36.72,97
LAZY,14.09,97
LCUT,14.14,97
LE,22.2,97
LPTH,2.85,97
LTHM,15,97
MHLD,2.09,97
MRTX,226.87,97
NFE,38.69,97
NOVA,31.98,97
NVTA,46.77,97
ONCS,5.08,97
OTRK,52.29,97
PENN,70.5,97
POLA,4.13,97
PRPL,30.4,97
PSNL,29.2,97
REGI,55.84,97
RIDE,25.44,97
RMBL,34.69,97
RNET,5.27,97
RYAM,5.74,97
SI,30.87,97
SIG,28.72,97
SQ,191.66,97
SRNE,7.65,97
STAA,82.02,97
STIM,7.63,97
SWAV,96.15,97
TAN,76.11,97
TRIB,2.71,97
U,116.31,97
UMC,5.63,97
UONE,5.05,97
ACRS,3.09,96
AHPI,5.08,96
ALPN,8.17,96
AMRC,43.59,96
AVNW,28.74,96
BE,18.76,96
BLFS,33.26,96
BRP,31.94,96
CARR,39.13,96
CHWY,66.72,96
COOP,25.45,96
CPST,6.85,96
CRWD,143.76,96
CVGI,7.17,96
CVNA,227,96
DLTH,13.31,96
DOCU,219.7,96
DSKE,7.14,96
EDUC,14.79,96
ETSY,134.5,96
FATE,49.71,96
FLXS,27.34,96
FTFT,2.08,96
GPS,24.4,96
GRAY,26.76,96
HIBB,42.13,96
HOME,16.26,96
INO,11.02,96
KTB,42.25,96
LB,39.55,96
LINC,6.07,96
LRMR,20.99,96
MGNI,14.17,96
MN,4.45,96
MNKD,2.76,96
MRNS,14.49,96
MTLS,43.24,96
NTLA,32.26,96
NVUS,19.25,96
OESX,8.89,96
ROKU,255.67,96
SGC,25.19,96
SGMS,39.35,96
SPT,44.55,96
STNE,68.82,96
STRO,17.83,96
SURF,7.72,96
SWTX,62.39,96
TANH,2.76,96
TGH,18.58,96
TGTX,29.76,96
VJET,12.43,96
VSTO,20.95,96
W,248.55,96
WTRE,34.55,96
XPEL,35.33,96
YRCW,5.24,96
Z,109.49,96
ZG,111.24,96
ZS,138.54,96
ADAP,4.72,95
AMSC,15.35,95
AOSL,21.22,95
APT,12.45,95
ATEC,10.31,95
BHVN,96.76,95
BSIG,18.24,95
BWEN,4.2,95
CIIC,17,95
COE,25.39,95
CPRI,33.33,95
CSIQ,37.19,95
CTRN,32.33,95
DADA,33.58,95
DAR,47.88,95
DGLY,2.34,95
EIDX,80.3,95
ESCA,21.27,95
FCX,21.11,95
FDX,279.85,95
FIZZ,95.62,95
FOLD,21.72,95
FRPT,135.01,95
GNMK,13.17,95
GRBK,23.01,95
GTLS,97.63,95
HBM,5.78,95
HEAR,18.34,95
HUBS,366.07,95
IMUX,19,95
INFI,2.12,95
IPOB,19.42,95
JD,86.04,95
KRNT,79.47,95
LOVE,29.06,95
LSCC,40.62,95
MAXR,27.77,95
MOD,10.78,95
NAVB,2.27,95
NTRA,82.86,95
NUAN,39.71,95
OLN,21.16,95
OPRX,22.8,95
PRCP,6.97,95
RARE,112.82,95
RENN,3.81,95
REZI,17.45,95
RH,432.78,95
RYI,11.16,95
SEDG,244.05,95
SNDX,22.3,95
SOGO,8.88,95
STRT,35.26,95
TCRR,26.72,95
TOUR,2.12,95
TWLO,295.64,95
UROV,16.19,95
VCYT,48.83,95
ALGN,441.35,94
AMTX,2.02,94
ANAB,26.26,94
ANF,20.47,94
AQB,3.86,94
ARWR,68.92,94
ATRA,22.26,94
AVID,12.22,94
AVLR,164.05,94
AYRO,6.18,94
BBW,4.13,94
BEAM,39.52,94
BILL,106.29,94
BIPC,65.1,94
BL,110.64,94
BMCH,48.03,94
BSET,16.41,94
CORT,23.44,94
CROX,58.2,94
CSBR,12.59,94
CSSE,15.88,94
CVET,26.55,94
DY,74.18,94
DZSI,12.92,94
GNRC,216.75,94
HALO,38.57,94
HOV,38.71,94
HVT,30.77,94
ICLN,21.84,94
IIVI,63.2,94
KNSL,232.6,94
KRA,24.82,94
LAD,281.45,94
MATX,58,94
MIK,9.39,94
NVDA,537.61,94
ORBC,6.2,94
PAR,52.66,94
PRSC,123.03,94
PTVE,15.87,94
PWR,68.22,94
QRTEA,8.83,94
QUMU,5.03,94
RBBN,5.79,94
RVMD,38.49,94
SID,3.8,94
SOHU,19.74,94
SONO,22.19,94
SSTK,69,94
SWBI,16.21,94
TIGR,7.17,94
TPIC,39.09,94
TPR,28.4,94
TPTX,102.39,94
TSRI,6.8,94
TTGT,51.4,94
TXG,137.77,94
UTZ,19.1,94
VBIV,2.65,94
VNET,23.82,94
WPRT,3.09,94
YETI,60.23,94
ZLAB,103.63,94
AAXN,123.1,93
AFMD,4.82,93
AGYS,39.65,93
AIMC,52.97,93
ALB,125.8,93
AR,4.08,93
ARAY,3.9,93
BAND,144.5,93
BIG,49.74,93
BKE,28.81,93
BNED,3.62,93
CAPR,4.35,93
CDLX,119,93
CLFD,22.69,93
CRSP,109.24,93
CSWI,111.6,93
CTRA,7.54,93
DFIN,15.34,93
DLHC,9.6,93
DRIO,13.25,93
EV,66.08,93
EVC,2.73,93
FIVN,146.16,93
FORM,39.85,93
FSR,17,93
GIII,21.59,93
GNSS,6.41,93
GPRO,6.91,93
GROW,3.08,93
HRI,57.85,93
IDYA,12.84,93
IIPR,153.47,93
INTZ,12.74,93
IPHI,149.13,93
JOE,31.69,93
LEAF,5.22,93
LIVE,12.26,93
MED,173.15,93
MEOH,38.18,93
NLTX,12.21,93
NVCR,125.26,93
OMEX,6.51,93
OPK,3.79,93
PRTH,3.68,93
PTGX,21.5,93
QCOM,147.53,93
QDEL,190.99,93
QTRX,46.01,93
RCKT,34.68,93
RCM,20.22,93
RFP,5.07,93
RGEN,187.29,93
RICK,26.84,93
SAIL,44.11,93
SFIX,36.87,93
SNBR,71.74,93
SPCE,24.05,93
SQM,44.65,93
TBK,46.98,93
TITN,18.46,93
TSM,96.61,93
VAPO,25.99,93
VIPS,23.32,93
VIVO,18.83,93
VNE,18.34,93
VUZI,3.98,93
WHLR,3.12,93
ACU,34.5,92
ALSK,3.11,92
ARA,11.42,92
ARLO,5.29,92
ASPN,11.79,92
ATNM,11.28,92
BALY,37.01,92
BEKE,59.35,92
BEPC,71.48,92
BRKS,68.63,92
CASH,34.49,92
CLGX,79.02,92
COHU,27.5,92
COUP,314.05,92
COWN,23.59,92
CREE,81,92
CTLT,104.16,92
DDOG,88.89,92
DE,255.59,92
ENTG,89.97,92
GMDA,6.84,92
GSL,9.21,92
HASI,52.58,92
HZNP,71.09,92
HZO,33.54,92
IESC,38.02,92
IGMS,60.59,92
INSE,5.95,92
INSM,39.73,92
ITCI,25.98,92
JILL,4.3,92
JYNT,25.75,92
KYMR,50.12,92
LOGI,83.79,92
MEG,34.62,92
MGEN,18.32,92
MPWR,312.32,92
MRVL,44.18,92
MSTR,217.11,92
MYRG,49.41,92
NKLA,26.23,92
PFSI,57.03,92
PNTG,46.21,92
PRTK,6.15,92
PSTI,9.17,92
SAIA,169.82,92
SIVB,354.67,92
STOK,40.79,92
TACT,9.05,92
TEX,30.6,92
TRQ,10.31,92
TSE,38.89,92
UBER,49.26,92
VRTS,179.4,92
VVNT,21.38,92
WCC,62.82,92
ZEN,127.18,92
ZNTL,45.28,92
ZVO,4.33,92
AEO,17.06,91
AMD,85.54,91
ARGX,264.15,91
ATOM,8.73,91
AVTR,26.59,91
BLDR,36.74,91
CAI,32.2,91
CAL,13.12,91
CAMT,18.99,91
CWH,29.22,91
CX,4.68,91
DNKN,106.19,91
EQT,14.99,91
EVOK,3.12,91
FLDM,6.28,91
FLEX,16.42,91
FOUR,55.92,91
GCO,32.52,91
GDOT,54.46,91
GDP,11.56,91
GKOS,68.33,91
HDS,55.8,91
HOFT,30.17,91
HTHT,53.55,91
IDXX,457.19,91
IMGN,6.05,91
INBK,26.04,91
JHX,29.35,91
KWR,254.17,91
LDL,24.7,91
LQDT,9.12,91
MBIN,27.13,91
MDRX,12.86,91
MIDD,134.72,91
MP,15.73,91
MTCH,132.31,91
NBEV,3.08,91
NSTG,47.38,91
NVEE,75.2,91
PACK,11.38,91
PCTY,193.45,91
R,57.99,91
RLAY,52.5,91
RRC,7.22,91
RTRX,24.24,91
SGRY,24.03,91
SHSP,16.18,91
SNFCA,8.1,91
SPSC,95.13,91
SPWH,13.99,91
TBIO,18.03,91
TER,106.47,91
TKR,72.21,91
TPB,38.75,91
TQQQ,147.26,91
TUSK,2.24,91
UAA,16.69,91
VRA,8.39,91
WK,71.02,91
XOMA,32.25,91
AAWW,54.61,90
ADNT,27.84,90
ALRM,70.51,90
ARCB,38.47,90
BGNE,281.91,90
BJ,44.55,90
BLD,181.58,90
BMRA,6.43,90
BOOT,39.17,90
BSTC,88.43,90
BYD,37.54,90
CDAY,97.35,90
CENX,9.74,90
CIR,36.37,90
CIT,34.6,90
CLF,8.89,90
CRM,264.65,90
CZR,65.73,90
DOYU,13.59,90
EDU,180.67,90
ESEA,3.99,90
FIVE,155.21,90
FND,78.99,90
FSLR,84.06,90
FSM,6.32,90
GDS,87.9,90
GM,42.82,90
HIMX,4.84,90
ICLK,7.48,90
IMBI,6.25,90
IVZ,15.96,90
KALV,18.52,90
LAKE,20.77,90
LASR,30.96,90
LRCX,437.68,90
MEC,11.16,90
MMYT,25.29,90
NGHC,34.1,90
OCN,24.83,90
OMCL,103.03,90
ON,27.85,90
PBI,5.84,90
PKOH,27.08,90
PLT,23.59,90
PRGX,6.3,90
RCUS,24.3,90
ROAD,25.58,90
SD,2.74,90
SJT,3.75,90
SMED,8.44,90
SRAX,2.92,90
SSSS,11.23,90
STND,32.85,90
SYX,30.34,90
TCBI,53.61,90
TT,146.79,90
UA,14.69,90
VC,113.22,90
VRT,18.54,90
WD,77.97,90
WNC,17.37,90
WOR,51.66,90
XLNX,132.96,90
XLRN,110.92,90
AA,18.93,89
ACCD,46.09,89
ACHC,42.93,89
AGCO,92.12,89
ALBO,34.85,89
APAM,45.41,89
APEN,2.68,89
APTV,115.36,89
ATLC,14.32,89
AUTO,2.64,89
AZUL,20.13,89
BBIO,43.7,89
BCOV,13.19,89
BCYC,19.62,89
CADE,14.46,89
CC,23.88,89
CLNY,4.24,89
CTB,40.32,89
CVV,4.8,89
DFS,76.76,89
DKS,55.97,89
EAT,49.49,89
EGO,12.73,89
ENDP,5.32,89
ENSG,69.29,89
FDG,67.57,89
FLNT,3.08,89
FRG,26.06,89
GLOB,187.63,89
IDN,9.72,89
JRJC,9.04,89
MAT,14.99,89
MDWD,3.85,89
MGNX,21.73,89
MOBL,7.02,89
MORF,29.17,89
MTBC,9.47,89
MXL,28.42,89
NAV,43.9,89
NOW,514.33,89
NTIP,3.07,89
NVMI,61.63,89
OKTA,232.45,89
PGEN,6.14,89
PLSE,14.18,89
QLD,99.92,89
RESI,13.39,89
SAFE,67.56,89
SCCO,56.05,89
STKS,3.25,89
TDOC,191.19,89
TMX,50.22,89
TROX,11.98,89
TTEK,121.35,89
TTM,11.58,89
TZOO,10.06,89
UI,243.75,89
UNFI,16.77,89
URBN,28.98,89
URI,217,89
VCEL,23.64,89
VICR,80.56,89
WIX,257.34,89
WMS,66.56,89
WST,281.22,89
WYY,7.04,89
ZBRA,358.39,89
AAPL,118.64,88
BLL,97.91,88
BPMC,96.71,88
CBB,15.26,88
CRTO,17.58,88
CULP,13.88,88
FEAC,13.97,88
FENG,2.33,88
FLL,3.17,88
GNW,4.56,88
GPI,120.98,88
HDB,66.62,88
HL,5.05,88
IAA,60.77,88
INFY,14.83,88
IPGP,201,88
KC,35.06,88
LBRT,9.56,88
MKGI,2.4,88
MTSI,42.47,88
MYOV,19.25,88
NSP,89.06,88
OCFT,20.1,88
OFLX,141.68,88
PAYC,392.64,88
PH,268.84,88
PLAY,24.47,88
RBC,119.67,88
RDFN,43.28,88
RDHL,8.97,88
RRGB,19.4,88
SIC,7.31,88
SNGX,2.42,88
TEDU,2.14,88
TRMT,4.28,88
TTEC,65.12,88
TX,24.61,88
VEEV,272.57,88
VRAY,3.74,88
WRK,42.59,88
WRLD,113.16,88
ZUMZ,34.61,88
ABUS,3.34,87
ALTR,50.73,87
AM,6.5,87
AVNS,41.77,87
AX,33.5,87
AXNX,46.89,87
BJRI,37.55,87
CCK,96.23,87
CDMO,8.9,87
CHGG,70.57,87
CIGI,86.23,87
CLW,37.64,87
CRMD,6.82,87
CRTX,55.36,87
CTVA,36.96,87
CUB,64.09,87
DDS,47.5,87
DECK,248.7,87
DMYT,13.3,87
DOMO,35.77,87
EMN,96.51,87
EPAM,334.58,87
EVR,88.49,87
EXAS,113.18,87
EXK,3.3,87
EXPE,123.96,87
IBP,101.51,87
IDT,9.46,87
INFU,14.9,87
JNCE,6.9,87
KLAC,243.75,87
MDB,255.11,87
MTSC,36.97,87
MU,61.83,87
NAII,9.91,87
NARI,67.93,87
NEO,42.73,87
NGM,23.25,87
NUS,51.34,87
NVRO,172.54,87
OVID,6.11,87
PHR,40.81,87
PJT,68.73,87
PVH,78.78,87
PYPL,190.9,87
QNST,17.31,87
QRVO,146.86,87
RAMP,59.67,87
RBA,64.9,87
RC,13.26,87
RILY,33,87
ROL,58.7,87
RYAAY,104.54,87
SBSW,13.3,87
SG,11.65,87
SHAK,78.4,87
SHYF,24.42,87
SLM,10.91,87
SMH,201,87
SMTX,4.49,87
SPOT,249.94,87
SRT,7.55,87
STM,36.34,87
SWN,3.01,87
TISI,10.08,87
UPS,166.48,87
USAK,9.78,87
VCRA,32.31,87
VG,12.93,87
VLRS,10.36,87
WAL,53.96,87
WDFC,257.09,87
WIT,4.99,87
AEIS,89.95,86
ALLY,29.89,86
AVXL,5.06,86
BBY,118.83,86
CCB,19.52,86
CMRX,3.23,86
CSV,28.72,86
CTG,6.4,86
CTS,30.95,86
DHR,225.83,86
DIOD,63.01,86
DVA,107.63,86
EYE,42.25,86
FSV,138.41,86
HEIA,117.43,86
INVE,6.57,86
IOVA,36.59,86
ISSC,6.85,86
JEF,23.4,86
KZR,5.68,86
LEVI,18.92,86
LFUS,231.95,86
LPSN,55.59,86
MT,16.37,86
MXIM,81.18,86
OMF,39.3,86
PODD,264.24,86
POOL,338.65,86
POWI,68.82,86
RCKY,30.92,86
SCHN,23.89,86
SILK,59.93,86
SITE,140.06,86
SOXX,349,86
TLYS,8.21,86
USCR,37.18,86
USX,8.2,86
VLDR,16.26,86
XONE,10.84,86
AAN,62.7,85
ACA,54.26,85
APG,15.35,85
ASML,423.36,85
ATCO,11.72,85
AVNT,35.54,85
AXGN,14.88,85
BASI,6.02,85
BCEI,24,85
BGS,26.57,85
CAT,172.9,85
CE,133.55,85
CLNE,3.2,85
CNXT,44.02,85
CRL,233.46,85
CRWS,7.5,85
CTAS,367.89,85
DLB,87.84,85
DTIL,9.68,85
EB,16.24,85
ECHO,28.99,85
EFOI,4.78,85
ERIE,241.37,85
ESTA,25.69,85
EVI,30.86,85
FLR,15.84,85
FRTA,15.74,85
GBIO,32.04,85
GBX,33.19,85
GES,16.19,85
GGG,68.45,85
GLW,36.33,85
GWW,422.86,85
HWM,23.57,85
IIIN,25.35,85
IP,49.23,85
IR,44.2,85
KB,41.44,85
LAWS,49.5,85
LZB,39.69,85
MMSI,51.28,85
NKE,131.91,85
NWHM,5.48,85
NX,20.56,85
OSB,37,85
PEN,255.57,85
PFGC,46.01,85
PK,15.5,85
PKG,129.8,85
PKI,130.81,85
RADA,7.7,85
RHP,60.08,85
RM,27.44,85
RUTH,14.78,85
SDC,11.07,85
SLP,58.5,85
TGT,171.37,85
TMUS,129.19,85
TREX,75.34,85
VRNS,122.03,85
WILC,19.79,85
WLDN,36.7,85
WLK,74.53,85
AAMC,22.75,84
ALGT,158.32,84
APLS,41.5,84
BIO,574.38,84
BKI,93.88,84
BLI,81.63,84
CAE,23.75,84
CALB,16.69,84
CCS,42.39,84
CDNS,112.6,84
CMI,233.14,84
CNO,21,84
CPA,75.78,84
CSTL,46.25,84
CTSO,8.84,84
CWEN,29.06,84
CYD,17.29,84
DCPH,63.99,84
DELL,68.5,84
EVRI,10.7,84
FBNC,33.56,84
FL,41.33,84
FLOW,53.02,84
FNKO,8.65,84
FTAI,20.02,84
FWRD,74.21,84
GIL,25.87,84
GPX,12.55,84
GRIF,56.49,84
HAIN,37.38,84
HBIO,3.91,84
HSKA,123.4,84
IBTX,57.72,84
INMD,44.45,84
ISEE,5.66,84
KAI,132.01,84
LECO,114.63,84
LIND,12.02,84
MCHP,127.51,84
MIRM,19.02,84
MLHR,36.8,84
MORN,200.47,84
NWS,17.63,84
NWSA,17.55,84
NXPI,151.35,84
ODFL,205.53,84
ODP,29.22,84
PDCO,27.57,84
PEGA,127.07,84
PI,35.34,84
PIPR,92.72,84
PKX,53.49,84
PLAN,65.75,84
PRPO,2.22,84
PTCT,62.83,84
RPD,71.59,84
SAGE,74.93,84
SELB,3.19,84
SF,68.92,84
SIGA,7.63,84
SMTC,67.92,84
SNE,88.85,84
SNPS,221.28,84
SNV,31.02,84
SXT,70.09,84
TAL,74.75,84
TEAM,199.45,84
TPX,102.22,84
TRMB,57.74,84
TTCF,15.7,84
ULH,22.85,84
UTHR,136.74,84
VRTU,50.03,84
WSC,21.51,84
WSM,101.04,84
WYND,42.99,84
XBIT,19.68,84
YNDX,62.53,84
AIRG,13.18,83
AMAT,77.25,83
ANDE,21.96,83
ASTE,56.19,83
ATSG,29.88,83
BG,58.53,83
BHLB,17.01,83
CHDN,187.4,83
CHRA,2.98,83
CP,338.29,83
DLA,19.81,83
ENVA,21.55,83
ETH,18.27,83
EWY,74.61,83
FCNCA,539.95,83
GV,4.42,83
HEES,27.37,83
HON,202.72,83
IEC,10.05,83
IRBT,77.93,83
KLIC,30.03,83
KTCC,7.65,83
LMAT,37.71,83
MCFT,22.48,83
MTN,276.07,83
NICE,238,83
OTIC,4.11,83
PAG,58.05,83
PAGS,43.94,83
PCRX,65.73,83
PERI,7.56,83
PFSW,6.72,83
PRIM,23.4,83
PSMT,80.08,83
RUSHA,38.18,83
SPRO,14.77,83
TECH,302.26,83
TMO,453.1,83
TNET,75.02,83
VMI,159.42,83
WDAY,230.8,83
WHR,192.56,83
WWD,110.03,83
X,11.09,83
XPO,105.93,83
AIT,76.99,82
ALLK,98.6,82
ALV,89.82,82
ALYA,2.59,82
ANET,272.87,82
AQUA,25.36,82
ASHR,38.19,82
BECN,37.68,82
BFAM,167.75,82
BPYU,16.58,82
CAKE,36.06,82
CAR,35.95,82
CHNG,16.85,82
CKPT,2.47,82
CLLS,22.1,82
CSX,91.7,82
CWENA,27.26,82
DHIL,155.62,82
ELF,21.99,82
ESTC,108.24,82
ETN,118.12,82
FENC,8,82
GEF,47.64,82
HOG,36.91,82
JAX,6.84,82
LEU,10,82
MOH,209.18,82
MOV,15.85,82
MSM,84.88,82
MVBF,20,82
NSCO,4.33,82
NVFY,2.09,82
PAC,105.2,82
QTWO,112.3,82
RMD,211.76,82
RUSHB,34.8,82
SAH,41.39,82
TEL,111.34,82
TRTN,43.64,82
TXRH,73.94,82
TYL,414.38,82
UPLD,44.29,82
VFC,84.96,82
XRT,57.65,82
A,108.68,81
ABG,120.85,81
ABMD,270.61,81
ACM,50.47,81
ADPT,45.51,81
ADSK,256.88,81
ALVR,33.93,81
ANNX,24.93,81
APH,127.2,81
ASGN,80.35,81
ASHX,27.66,81
AVGO,384.33,81
BKU,29.58,81
BLK,673.48,81
BMI,79.77,81
CAAS,3.15,81
CLDT,11.02,81
CLMT,3.52,81
CMPS,33.94,81
CORE,34.73,81
COTY,6.25,81
CRVL,92.36,81
CSTM,11.92,81
CWB,75.37,81
DAO,29.91,81
DAVA,63.97,81
DOOR,98.79,81
DORM,94.29,81
DOW,55.34,81
EL,241.92,81
ERIC,12.13,81
F,8.82,81
GE,9.66,81
GMAB,36.13,81
HHR,25.27,81
HI,36.04,81
HLIO,49.16,81
HMI,15.22,81
JELD,24.3,81
KOSS,2.09,81
LEJU,2.39,81
LPL,6.61,81
LSF,47.76,81
MEDP,123.96,81
MFIN,4.42,81
MGA,60.78,81
MHK,126.98,81
MSCI,400.79,81
NSC,242.1,81
NVST,29.07,81
OLED,220.1,81
PCG,12.29,81
PHAT,43.5,81
PLXP,4.91,81
PNR,53.27,81
PPG,143.22,81
PTC,100.21,81
RCII,34.27,81
RF,15.46,81
RLGY,11.23,81
ROG,144.86,81
RXN,37.75,81
SCVL,36.52,81
SEM,24.99,81
SGEN,174.37,81
SNEX,60.2,81
SNX,151.21,81
STE,194.73,81
SWK,186.51,81
TGI,11.47,81
TME,16.4,81
TXN,157.27,81
VAC,126.69,81
VIAC,33.43,81
VRTV,18.14,81
WB,45.39,81
WTS,116.37,81
XYL,94.37,81
YUMC,60.25,81
ACTG,3.68,80
AES,20.88,80
ALG,135.57,80
AMBA,65.34,80
AME,118.18,80
AVY,147.03,80
BFST,19.86,80
BPY,16.2,80
CDXS,16.46,80
CNR,9.06,80
DBD,8.9,80
EDAP,4.13,80
ERII,10.5,80
EWT,49.83,80
FINX,41.22,80
GMS,31.36,80
GTS,22.36,80
HOLX,70.01,80
KKR,38.47,80
MAG,15.4,80
MASI,246.47,80
MGIC,14.86,80
MITK,12.15,80
MKTX,534.22,80
MLM,269.55,80
NL,4.46,80
NOA,9.86,80
NPO,68.57,80
NSIT,69.84,80
NWL,20.39,80
ONTO,41.54,80
OPRT,16.48,80
OTIS,66.16,80
PPBI,29.33,80
QFIN,12.38,80
RNG,296.9,80
SEE,44.8,80
SPHB,51.84,80
STLD,35.82,80
TECK,14.83,80
THRM,52.68,80
TWTR,43.62,80
UMBF,69.21,80
VCR,253.54,80
VECO,16.1,80
VRSK,205.72,80
YELP,31.84,80
YY,86.11,80
ACAD,53.61,79
ARMK,35.26,79
ASR,156.7,79
AVAV,83.31,79
BBVA,4.24,79
BCRX,4.17,79
CGNX,71.36,79
FBP,8.13,79
FOCS,38.97,79
FRGI,11.46,79
HMST,34,79
IAC,139.13,79
INFO,92.45,79
IRDM,32.36,79
IYW,318.56,79
LEA,140.07,79
LII,298.51,79
MCHI,80.28,79
MOGA,77.96,79
MPX,16.49,79
OPRA,9.16,79
OSUR,11.92,79
PEB,18.84,79
RRR,21.98,79
SBOW,5.93,79
SBUX,97.76,79
SCHW,47.08,79
SMG,168.25,79
STRL,15.71,79
TCX,72.19,79
UFAB,4,79
UNIT,10.61,79
WMT,152.12,79
XBI,124.87,79
XHR,13.58,79
ZEUS,14.34,79
AAON,65.76,78
ABCB,34.16,78
ADS,67.97,78
ALRS,24.69,78
AMED,240.37,78
AOS,56.6,78
ARES,45.01,78
ASA,19.86,78
ATHM,99.84,78
ATI,13.4,78
ATTO,10.83,78
BLIN,2,78
BSMX,5,78
BYND,137.41,78
CBRE,58.47,78
CFBK,14.77,78
CLAR,14.63,78
CPRT,113.83,78
CPSS,3.93,78
CTSH,76.2,78
DGII,16.92,78
DHI,75.1,78
DINT,22.69,78
EVH,13.47,78
EXLS,80.91,78
EXTR,5.71,78
FELE,67.03,78
FFG,51.64,78
FLV,52.45,78
FPI,8.11,78
FRC,132.24,78
GH,108.51,78
GLIBA,91.18,78
GLUU,9.06,78
GVA,24.86,78
HSC,17.11,78
IBN,13.03,78
INTU,361.44,78
JAN,4.33,78
JHG,26.67,78
LBRDA,157.14,78
LHCG,203.93,78
LULU,344.6,78
LYTS,7.75,78
MOS,19.58,78
MS,58.63,78
NXGN,15.97,78
OI,12.22,78
ONEM,33.75,78
PRK,104.47,78
PVG,11.58,78
QQQ,292.38,78
RACE,214.17,78
RFL,20.64,78
ROLL,171.05,78
SXI,75.12,78
TDG,590.65,78
TOL,47.24,78
TXT,45.45,78
ULTA,274.86,78
VAR,173.68,78
WSO,234.67,78
XHB,57.23,78
YCBD,2.48,78
ABT,111,77
AN,60.48,77
AP,4.13,77
ATUS,31.85,77
BC,72.26,77
CMRE,6.92,77
COST,383.54,77
CUBI,17.38,77
DLNG,2.56,77
DRI,109.8,77
EMKR,3.9,77
FBHS,85.11,77
GMF,122.21,77
GRUB,70.83,77
HEI,133.17,77
HUN,24.75,77
IGM,327.88,77
ITMR,18.08,77
IXN,276.86,77
JCI,45.71,77
KRO,13.92,77
LGIH,110.02,77
MGM,27.24,77
MIND,2.09,77
MKSI,134.23,77
NATR,12.18,77
NNI,70.83,77
NTB,33.06,77
OMFS,29.97,77
ORN,4.01,77
PLRX,27.37,77
PLX,3.89,77
RIGL,2.72,77
ROCK,65.46,77
SACH,4.14,77
SC,22.93,77
SHW,728.73,77
SITC,10.26,77
SMCI,29.96,77
SMSI,5.24,77
SSBI,13.07,77
TEN,10.07,77
TIGO,36.69,77
UCTT,28.23,77
VXF,149.1,77
WBS,38.93,77
WES,13.6,77
ZI,42.68,77
AAXJ,85.09,76
ABR,13.32,76
ADBE,466.41,76
ADTN,12.28,76
ALDX,6.76,76
ALXN,122.05,76
AMP,183.63,76
CFG,32.81,76
CHCI,2.9,76
CHTR,650.54,76
CPK,104.61,76
DESP,10.8,76
DWLD,29.32,76
ETON,7.35,76
FICO,479.3,76
GF,18.48,76
GGB,3.99,76
HTH,23.93,76
HWKN,52.27,76
IQ,22.6,76
ISRG,733.95,76
IWO,254.7,76
IYT,218.16,76
KSS,29.17,76
LBRDK,157.9,76
LKFN,53.99,76
LYV,66.91,76
MCC,21.69,76
MGK,193.27,76
MTG,11.81,76
OPHC,3.08,76
PAYX,92.08,76
PHI,28.52,76
PLCE,40.36,76
PWFL,6.99,76
QQEW,93.33,76
RGT,14.15,76
ROK,250.14,76
SCPH,9.19,76
SEAS,26.63,76
SHBI,13.54,76
SINA,43.33,76
SINO,2.55,76
SPLK,199.28,76
SRLP,17.11,76
SYK,233.57,76
TBBK,11.41,76
TTC,88.42,76
VBK,242.21,76
VUG,239.13,76
WSFS,38.69,76
XLK,121.37,76
ADI,136.17,75
ADM,48.92,75
AGLE,9.01,75
AGX,48.16,75
APYX,6.98,75
ARW,88.44,75
AVCT,4.69,75
AWK,156.65,75
BCO,64.11,75
BELFA,13.24,75
BRX,16.63,75
BSBR,7.33,75
CCC,27.98,75
CELC,8.94,75
CNCE,10.86,75
CVLG,17.46,75
DG,211.21,75
ESNT,45.64,75
EVA,44.15,75
FBM,19.22,75
FFIV,160.2,75
GLDD,11.22,75
GRMN,114.29,75
HA,19.52,75
HNI,37.9,75
HY,53.31,75
IMXI,15.89,75
IRS,4.83,75
IWF,226.78,75
IWP,189.5,75
IWY,125.71,75
J,105.15,75
LNN,114.38,75
MRTN,19.03,75
NMIH,22.87,75
NSSC,28.65,75
OC,72.45,75
PDFS,21.02,75
PSO,8.48,75
PTSI,47.03,75
QQQN,28.16,75
RLGT,5.72,75
RNST,31.83,75
SA,18.06,75
SCL,123.49,75
SDGR,58.57,75
SIX,29.39,75
SPB,65.77,75
SPXL,62.92,75
SRI,27.01,75
SYF,30.05,75
TTWO,165.58,75
UHAL,404.43,75
VOT,197.03,75
VVI,29.52,75
XLB,69.82,75
XPER,18.56,75
XT,52.8,75
YMAB,42.71,75
ZTS,166.31,75
ABB,26.92,74
AEG,3.53,74
AGQ,43.55,74
ALTA,26.72,74
APDN,7.04,74
ASHS,35.18,74
ASPU,10.81,74
ASX,5.17,74
ATH,43.02,74
BABA,259.89,74
BANF,54.94,74
BERY,55.15,74
BLMN,17.28,74
CABA,13.43,74
CASA,5.01,74
CENT,40.74,74
DOV,124.68,74
ENS,81.42,74
ENZL,64.95,74
EPI,26.11,74
FARO,65.5,74
FAST,47.98,74
FB,272.94,74
FFWM,18,74
FIBK,39.6,74
FITB,25.88,74
FREQ,24.15,74
GDEN,16.5,74
GFI,9.52,74
IEX,196.07,74
IIN,16.79,74
JLL,134.23,74
KDNY,13.55,74
KGC,7.52,74
LINX,6.85,74
LPX,34.73,74
LUV,46.08,74
MC,38.07,74
MFA,3.58,74
MMI,35.02,74
MNST,83.73,74
MTH,92.42,74
NEXT,2.36,74
NFLX,484.67,74
NG,10.48,74
NIE,27.37,74
NNBR,7,74
NRIM,33.11,74
OMAB,48.25,74
PGR,94.27,74
PIC,11.67,74
PNFP,54.09,74
PSCT,105.74,74
QGRO,57.14,74
SCPL,13.85,74
SHOO,30.41,74
SKT,8.94,74
SLV,22.42,74
SRCL,70.79,74
STAR,14.43,74
SWKS,139.36,74
SYKE,37.96,74
TCOM,33.68,74
UCBI,24.97,74
USFD,30.73,74
VALE,12.76,74
VRNT,56.44,74
VSEC,34.65,74
XHE,105.11,74
XLY,154.43,74
XNCR,40.88,74
ACBI,15.36,72
ADP,173.63,72
AFG,89.02,72
AJG,116.04,72
ARD,17.97,72
AVUV,52.71,72
AXR,6.01,72
AZZ,41.11,72
BHR,3.99,72
BIP,51.82,72
BOMN,21.24,72
BPOP,49.81,72
BR,146.6,72
CATC,71.76,72
CL,85.38,72
CNI,109.34,72
CUTR,22.45,72
CWST,59.96,72
DBB,16.77,72
ECON,27.19,72
EEM,48.77,72
ELAN,29.5,72
EMR,77.24,72
ESI,13.01,72
FLWS,23.57,72
FRD,6.03,72
GLP,16.48,72
GNTX,32.08,72
GOLF,37.25,72
HBNC,14.62,72
HCA,150.85,72
HRMY,42.53,72
IEMG,58.51,72
INTT,5.25,72
ITB,56.48,72
IVW,60.84,72
IYJ,187.59,72
JBLU,14.81,72
JOUT,84.48,72
JRVR,48.32,72
KELYA,20.83,72
KEYS,117.96,72
KFRC,40.68,72
KMT,34.35,72
KRG,14.81,72
KRTX,99,72
LEDS,3.06,72
LENB,61.34,72
LUNA,7.76,72
M,9.18,72
MBUU,56.61,72
MDC,46.75,72
MSGE,77.37,72
MX,13.81,72
NEE,75.13,72
NOVT,114.55,72
NTGR,31.45,72
OLLI,90.4,72
OMFL,37.05,72
OPY,29.15,72
PGTI,18.59,72
PRLB,132.66,72
RPG,153.39,72
RPM,89.17,72
SBFG,17.9,72
SPYG,52.71,72
SRRA,14.8,72
STOR,32,72
TENB,35.46,72
VIR,28.72,72
XLI,87.46,72
XME,28.26,72
ZYME,41.5,72
AFYA,27.41,71
AL,38.6,71
AMCR,11.92,71
AMG,85.68,71
ATNX,13.96,71
AVEM,57.56,71
BAM,40.82,71
BFB,80.14,71
BHB,24.62,71
BOOM,40.64,71
BZUN,40.78,71
CHUY,23.58,71
CMCSA,49.48,71
CNDT,4.17,71
COF,84.99,71
CWK,14.84,71
EBIX,30.54,71
ENLC,3.75,71
EPC,35.19,71
EXP,92.7,71
EXPD,90.28,71
FGBI,16.93,71
FORR,41.68,71
FRBA,9.27,71
GATX,80.08,71
GOL,8.69,71
GPRE,15.65,71
HBB,18.64,71
HGV,27.81,71
HMLP,13.33,71
HMTV,11.96,71
IGT,12.67,71
IHC,40.82,71
III,2.69,71
INBX,23.64,71
ITT,71.83,71
IWC,106.18,71
IWM,177.32,71
JACK,90.73,71
KFY,38.69,71
LIN,253.07,71
LTRX,4.48,71
LYB,82.23,71
LYFT,40.11,71
MGPI,42.49,71
MOO,73.7,71
MYFW,17.25,71
NBN,22.22,71
NEXA,7.81,71
NTES,89.22,71
OFG,16.97,71
ONEW,22.74,71
OVLY,17.69,71
PAAS,30.37,71
PEBK,22.89,71
PQIN,54.53,71
PROS,12.53,71
RDVT,22.61,71
REKR,4.06,71
RVLV,19.92,71
SCHE,29.51,71
SCM,11.15,71
SNA,171.72,71
STC,44.63,71
STL,15.93,71
STRS,25.1,71
SVC,11.79,71
TDW,9.53,71
TDY,390.82,71
TSBK,23.56,71
VB,179,71
YTEN,6.5,71
ACN,243.2,69
AIN,68.44,69
ALK,48.49,69
AMWD,98.88,69
ANGO,12.43,69
APLE,12.9,69
ARNA,65.78,69
ASIX,17.09,69
ASYS,6.16,69
AVYA,16.41,69
AXLA,5.41,69
BCS,7.35,69
BNR,25.93,69
CENTA,37.11,69
CFFN,12.71,69
CMA,50.93,69
CNMD,100.79,69
CRUS,76.27,69
DAL,37.91,69
DAN,16.51,69
DCP,16.36,69
DSGX,55.31,69
DUSA,28.2,69
EHC,78.82,69
EIRL,46.68,69
EQH,24.72,69
FBK,32.7,69
FUL,51.78,69
GTES,12.91,69
HBAN,11.95,69
HLT,102.8,69
HOMB,19.05,69
HUBB,157.75,69
HWC,28.27,69
IJT,103.43,69
INDA,36.47,69
INN,8.19,69
ITW,206.89,69
IVC,8.87,69
IWR,64.59,69
JHMM,42.4,69
JVA,3.82,69
KSU,189.06,69
LIQT,7.14,69
LKQ,35.33,69
MEI,35.56,69
MEIP,2.83,69
MHH,17.57,69
MSFT,212.42,69
MTX,58.91,69
MTZ,55.85,69
NDSN,202.31,69
NEM,61.41,69
NUE,52.83,69
OPCH,15.55,69
ORIC,29.67,69
PANW,287.52,69
PCAR,90.04,69
PD,30.12,69
REVG,9.12,69
RIO,63.11,69
RJF,89.2,69
RLI,102.43,69
RMT,9.07,69
SP,28.19,69
SPEM,40.27,69
SSTI,31.64,69
ST,47.9,69
SWI,21.69,69
SXC,4.31,69
SYY,71.99,69
THC,31.83,69
TRV,133.87,69
UNP,204.55,69
USLM,100.2,69
VWO,47.57,69
WSBC,29,69
AQST,7.21,67
ATR,127.23,67
AVUS,59.49,67
AXSM,73.27,67
AXTA,28.24,67
AZPN,131.04,67
BBQ,4.72,67
BELFB,14.14,67
BFA,72.86,67
BGCP,3.67,67
BIDU,136.48,67
BOKF,69.7,67
BRG,9.34,67
BRKR,50.19,67
BTG,5.67,67
BUD,65.97,67
BURL,233.09,67
CHRW,93.77,67
CHY,13.07,67
CNP,23.43,67
EBAY,49.78,67
EEFT,127.74,67
EFX,173.61,67
ELVT,2.8,67
EME,86.44,67
EQBK,21.23,67
ESE,98.7,67
ESGR,200,67
ESGU,81.9,67
EWJ,64.03,67
EWX,48.44,67
FBC,35.26,67
FBMS,28.16,67
FDUS,13.06,67
FLJP,28.36,67
FMC,115.32,67
FNDA,39.69,67
FSBW,50.82,67
FXI,47.13,67
HCM,30.41,67
HFWA,24.46,67
HLI,63.02,67
HST,14.45,67
IJR,83.95,67
IQSU,30.52,67
IT,152.27,67
JAZZ,143.66,67
JHEM,27.37,67
KEY,15.62,67
KINS,6.66,67
LAZ,36.45,67
LCII,125.45,67
LEN,76.3,67
MANH,94.82,67
MAR,121.11,67
MCRI,50,67
MLAB,274.99,67
MTUM,151.99,67
NBHC,33.5,67
NEP,64.1,67
NESR,8.32,67
OZK,28.04,67
PSC,33.27,67
PSLV,8.4,67
PZN,6.44,67
REDU,6.24,67
RETA,164.21,67
RHI,62.32,67
RSG,99.91,67
RYTM,21.87,67
SBGI,26.06,67
SCHM,63.62,67
SHO,10.8,67
SIBN,21.63,67
SIZE,105.26,67
SLAB,112.08,67
SMBC,29.87,67
SMMF,20.79,67
SNR,5.25,67
SPFI,17.8,67
SPGP,67.24,67
SPSM,32.73,67
SYNA,79.74,67
TFC,46.9,67
TILT,136.43,67
TPCO,12.37,67
TRIP,26.55,67
UNH,337,67
VIACA,34.79,67
VICI,25.87,67
VMC,140.11,67
VO,195.89,67
WING,129.2,67
WNS,67.08,67
WOW,7.15,67
WTFC,55.1,67
ACWI,86.56,65
ADX,17.5,65
AEF,7.49,65
AMKR,13.51,65
ANSS,324.12,65
AUB,30.11,65
AY,32.14,65
AZEK,35.06,65
BAH,88.15,65
BCC,44.55,65
BH,101.36,65
BLBD,15.86,65
BRKB,229.53,65
CAF,23.25,65
CARS,10.02,65
CB,147.37,65
CHI,12.34,65
CHW,9.06,65
CO,4.02,65
COLB,33.62,65
CRVS,4.13,65
CSB,45.04,65
CUBE,33.26,65
DCO,43.76,65
DD,62.05,65
EARN,11.9,65
EFG,95.92,65
FTSI,8.99,65
GAIA,11.36,65
H,70.1,65
HAS,91.75,65
HQY,68.34,65
IJH,214.49,65
IPG,21.59,65
IQSI,26.02,65
ITOT,81.66,65
IWB,201.13,65
IWN,121.36,65
IWV,211.85,65
JOF,9.05,65
KRE,48.2,65
LOW,149.6,65
MCK,171.94,65
MDLA,33.89,65
MDY,392.11,65
MET,45.51,65
MRBK,18.82,65
MSA,139.18,65
NCR,26,65
NGS,9.87,65
NMRK,6.32,65
OEC,14.32,65
PDS,18.25,65
PIZ,32.28,65
PRVB,14.09,65
PSA,228.79,65
QINT,45.76,65
RECS,24.11,65
RGR,63.39,65
RS,117.84,65
RSP,121.45,65
SAN,2.77,65
SANM,31.82,65
SBCF,25.33,65
SCHX,86.54,65
SPR,32.59,65
SQBG,9.17,65
SSB,68.84,65
SSNC,68.59,65
TLTE,53.85,65
TPH,18.15,65
TPLC,29.46,65
TSCO,131.25,65
UHS,133.95,65
UIS,13.94,65
USAT,8.26,65
USPH,106.56,65
VBR,132.4,65
VBTX,22.37,65
VEL,6.01,65
VT,87.85,65
VTI,184.2,65
VV,167.31,65
WPP,49.29,65
AB,31.69,63
ABTX,31.62,63
AMN,60.69,63
ANGI,11.28,63
BATRK,24.63,63
BOH,74.75,63
BRO,47.44,63
BZH,13.95,63
CBSH,68.59,63
CBTX,22.6,63
CDE,7.73,63
CDW,132.78,63
CEVA,38.53,63
CFX,35.74,63
CSML,26.43,63
DRH,7.35,63
DTE,129.66,63
DX,17.61,63
EGAN,11.1,63
EVTC,36.4,63
EWBC,43.37,63
EXPO,82.5,63
EXR,112.62,63
EZU,42.5,63
FIT,7.14,63
FRME,32.96,63
GAB,6.03,63
GEM,35.61,63
GHG,13.52,63
HAE,112.62,63
IHG,59.82,63
IJS,74.83,63
IMTM,35.32,63
ING,9.15,63
INSG,9.49,63
IQLT,34.21,63
IQV,169.55,63
IVV,359.04,63
IXUS,64.03,63
JBHT,133.78,63
JHSC,28.37,63
KTOS,20.66,63
LH,198.77,63
LPLA,90.95,63
LSXMA,42.86,63
LSXMK,42.94,63
LUMO,16,63
MAS,55.24,63
MATW,28.32,63
MCBS,14.64,63
MFEM,24.76,63
MFNC,12.7,63
MOAT,59.98,63
MREO,2.46,63
MWA,11.81,63
MYE,17.03,63
NCBS,68.85,63
NODK,17.31,63
NSA,35.54,63
OEF,164.26,63
OSH,45.4,63
OXM,56.18,63
PG,139.53,63
PLG,2.03,63
PPD,33.69,63
PRFT,46.58,63
QUAL,111.31,63
RBNC,18.6,63
ROST,110.38,63
RVT,15.02,63
SAVE,20.89,63
SCZ,63.84,63
SKY,31.91,63
SPLG,42.05,63
SPTN,18.44,63
SPY,357.75,63
SSP,12.5,63
STX,55.92,63
STZ,204.21,63
SWIR,11.17,63
TACO,8.31,63
TGLS,6.15,63
TPC,13.8,63
TRU,96.32,63
TW,58.75,63
USVM,55.04,63
VEU,55.57,63
VIG,137.25,63
VOO,328.72,63
VOYA,57.54,63
VSDA,38.87,63
WSBF,18.05,63
WWW,28.47,63
XLG,272.43,63
ACC,40.38,61
AIG,38.54,61
AIZ,134.92,61
ASND,151.2,61
ATRC,42.84,61
AVDE,54.15,61
BATRA,24.85,61
BBSI,69.64,61
CAG,36.19,61
CBRL,138.96,61
CERS,6.23,61
CFA,59.33,61
CLBK,14.55,61
CMP,61.37,61
CRH,39.78,61
CS,12.25,61
EBMT,20.46,61
EWW,40.73,61
FHB,21.92,61
FLJH,26.68,61
FNDC,32.91,61
FRBK,3.04,61
GBCI,42.9,61
GEFB,48.97,61
GSLC,72.12,61
HLNE,72.44,61
HMC,28.45,61
IBKR,53.39,61
IOO,60.08,61
IWS,92.36,61
KBE,38.83,61
LANC,173.52,61
LSTR,131.1,61
LVS,58.56,61
MDCA,2.23,61
MESA,5.01,61
MESO,11.79,61
METC,3.2,61
MLI,32.68,61
MTOR,25.51,61
MTRN,59.92,61
NATH,64.67,61
NTAP,51.98,61
NTCO,18.39,61
NXST,103.53,61
QCRH,36.89,61
REX,84.58,61
RMBS,15.75,61
RPAY,22.18,61
RWT,8.96,61
SPDW,32.11,61
SPHQ,40.28,61
SPLP,8.25,61
SPXC,48.24,61
SSD,94.81,61
STMP,181.72,61
STXB,16,61
TCF,34,61
TCO,42.81,61
TJX,61.56,61
TLND,40.31,61
TMHC,25.31,61
TV,8.14,61
TWOU,33.8,61
UMPQ,14.2,61
VEA,44.88,61
VIRT,22.55,61
WCN,106,61
YUM,105.27,61
ACH,7.03,59
ANTM,311.85,59
ATVI,75.93,59
AVDV,52.64,59
AXP,114.14,59
BANR,43.92,59
BXG,5.91,59
BXS,26.26,59
CCI,168.09,59
CDXC,4.91,59
CMD,56.52,59
CPLG,6.52,59
CSL,147.79,59
CSQ,14.52,59
DGX,122.81,59
DRNA,22.82,59
EFA,70.17,59
EGP,140.73,59
EPP,46.07,59
EQIX,730.59,59
EW,85.24,59
EWH,24.33,59
EWI,28.13,59
FCPT,28.21,59
FHN,12.16,59
FNDF,27.94,59
GAM,35.17,59
GDVD,30.48,59
GDXJ,51.52,59
GFN,8.2,59
GS,224.57,59
GT,10.76,59
GWPH,123.14,59
HAP,36.03,59
HCFT,2.94,59
HLF,48.03,59
HOOK,10.91,59
HUBG,54.86,59
IBB,138.09,59
ICLR,187.35,59
IEFA,66.19,59
INTG,32.75,59
ITOS,24.35,59
ITRI,76.63,59
JBL,37.57,59
LEG,43.25,59
LSI,111.86,59
MAN,87.34,59
MBCN,21.69,59
MBOT,7.44,59
MDGL,114.55,59
MGLN,80.31,59
MYO,5.5,59
NDLS,7.61,59
OOMA,14.99,59
OSMT,6.09,59
OSW,8.48,59
PAM,13.02,59
PBPB,4.12,59
PIN,20.89,59
PNM,49.18,59
PRMW,14.94,59
RCL,74.44,59
RLJ,12.38,59
RMBI,13.29,59
RP,65.07,59
RRBI,49.72,59
RVNC,24.4,59
RWL,60.03,59
SASR,29.53,59
SCI,48.62,59
SGH,29.81,59
SGU,9.8,59
SKM,22.93,59
SMAR,53.05,59
SPNS,29.53,59
TRI,80.69,59
TROW,139.53,59
UNTY,17.4,59
USAU,9.09,59
VTR,48.62,59
WM,120.58,59
WY,29.02,59
YEXT,17.83,59
ZTO,29.99,59
ABBV,99.67,57
AGRX,2.86,57
AIR,26.5,57
AKRO,28,57
ALOT,9.42,57
ATKR,34.15,57
AUY,5.28,57
BX,58.64,57
CEF,18.34,57
CHD,86.2,57
CHH,99.88,57
CIL,39.8,57
CLRG,27.28,57
CLX,202.47,57
CMCO,37.04,57
COO,332.23,57
COR,127.78,57
CPSI,29.26,57
CSWC,17.02,57
CVA,11.7,57
DCI,54.1,57
DEO,158.53,57
DFNL,22.55,57
DIS,141.72,57
DNB,27.61,57
ECL,210.93,57
ECOM,13.78,57
EEMV,59.41,57
EGBN,37.19,57
FCCO,17.02,57
FEZ,40.01,57
FFIN,34.08,57
FIX,49.79,57
FLLV,41.05,57
FLQL,36.84,57
FMX,75.85,57
FN,69.82,57
FNWB,14.69,57
FOE,13.93,57
FVE,5.23,57
GABC,33.32,57
GLD,175.17,57
GMRE,14.07,57
GPK,15.7,57
GSS,3.83,57
HD,270.93,57
HELE,197.23,57
HFXI,21.73,57
HMSY,30.66,57
HMY,4.55,57
HONE,10.16,57
HPQ,20.5,57
HROW,6.39,57
HXL,49.7,57
IAU,17.8,57
IEUR,49.21,57
IHD,7.32,57
IQIN,27.47,57
ISDX,25.25,57
JPM,115.56,57
JWN,21.49,57
KIM,14.98,57
L,42.82,57
LRGF,35.91,57
MFUS,32.17,57
MMM,171.61,57
MSEX,69.7,57
MSI,169.16,57
NTNX,27.59,57
ORGO,4.91,57
PACW,24.48,57
PCSB,15.79,57
PDSB,2,57
PGRE,9.74,57
PHG,51.87,57
PNC,130.3,57
PRF,126.87,57
PSTG,18.75,57
PXF,40.12,57
QMCO,5.72,57
ROIC,13.43,57
RY,79.69,57
SABR,10.23,57
SAMG,12.65,57
SHG,30.04,57
SLCT,9.51,57
STXS,4.16,57
SY,13.2,57
TAIT,2.83,57
TCBK,33.52,57
TLTD,62.26,57
TRN,22.55,57
TVTY,15.98,57
UBCP,12.5,57
USMC,33.93,57
VGK,57.63,57
VHC,5.45,57
VNM,15.67,57
WAT,226.35,57
WINA,177.01,57
XLP,66.93,57
ABC,101.9,54
ACLS,26.12,54
AGRO,5.75,54
ALLE,114.13,54
APRN,6.41,54
ARDS,6.87,54
AROC,7.79,54
ASH,78.13,54
AXS,51.83,54
AXU,2.34,54
BANC,13.51,54
BBEU,25.16,54
BEAT,48.29,54
BFC,66.88,54
BSY,35.12,54
CASY,182.13,54
CBAN,13.31,54
CBMG,18.35,54
CBPO,118.5,54
CFR,83.45,54
CI,204.74,54
CNX,9.55,54
CRNT,2.37,54
CTO,40.01,54
DDD,7.55,54
DFNS,9.98,54
DGS,45.13,54
DL,8.59,54
DUK,91.7,54
EBSB,14.33,54
EFC,14.53,54
EFT,13.18,54
EGHT,18.78,54
EGOV,23.77,54
EHI,10.36,54
EIDO,21.7,54
EIX,63.62,54
EPRT,19.76,54
EUFN,16.75,54
EWG,30.14,54
FF,11.45,54
FISV,113.02,54
FLEE,24.96,54
FNLC,24.73,54
FULT,12.74,54
GDV,20.66,54
GL,93.35,54
GLO,9.92,54
GNTY,30.11,54
GPC,98,54
GPN,190.55,54
HCCI,21.13,54
HIX,6.93,54
HMHC,2.85,54
IART,56.05,54
IEV,46.04,54
INFN,7.16,54
IRT,13.1,54
JBT,105.01,54
JHMF,38.45,54
JJSF,156.22,54
KBWB,46.21,54
LEGH,15,54
LTPZ,86.53,54
MCD,215.11,54
MDT,111,54
MFC,16.66,54
MPAA,18.88,54
MRAM,5.75,54
MUSA,130.82,54
NBSE,8.03,54
NTRS,93.36,54
NVO,67.33,54
OCSL,5.31,54
ONB,16.27,54
OSBC,9.77,54
PATK,61.27,54
PBE,61.24,54
PCH,44.55,54
PFG,48.93,54
PFLT,10.09,54
PHYS,14.71,54
PRAH,111.14,54
QGEN,47.27,54
REGN,514.71,54
RGA,117.44,54
RPV,58.73,54
SFBS,38.94,54
SILC,37.37,54
SJM,117.05,54
SLDB,3.29,54
SLF,45.09,54
SON,57.65,54
SPGI,338.63,54
SPPI,4.24,54
SWM,35.65,54
SYBT,41.38,54
TD,52.49,54
TGNA,14.01,54
THO,92.54,54
TY,28.52,54
UEIC,48.39,54
UEVM,43.3,54
VHI,14.2,54
WMK,48.84,54
XEC,34.69,54
XP,40.6,54
AEL,27.05,51
AFL,43.72,51
AGO,31.46,51
ALEX,15.56,51
APPF,149.44,51
ARTNA,37.93,51
AXL,8.07,51
BBD,4.68,51
BGY,5.75,51
BNS,48.28,51
BOCH,9.23,51
BSRR,22.08,51
BWB,11.49,51
CBU,64.95,51
CHEF,20.07,51
CMC,20.96,51
CNNE,39.96,51
CVLT,46.36,51
CVLY,16,51
DEN,18.89,51
DFP,27.97,51
DGL,54.5,51
DMTK,12.09,51
DRE,38.69,51
DXJ,52.24,51
EEX,3.66,51
EFV,45.75,51
ETJ,10.31,51
EXC,42.35,51
FMBH,30.15,51
FTDR,46.03,51
FUSB,8.3,51
FWP,6.77,51
GAN,17.86,51
GCC,18.1,51
GIS,62,51
GLQ,12.27,51
GTN,17.32,51
GWRE,118.22,51
GWRS,12.51,51
HCC,16.85,51
HCKT,15.11,51
HSII,25.14,51
HTGC,12.98,51
HTLF,39.49,51
HUM,407.17,51
IGOV,54.09,51
IPAR,53.27,51
IQDF,22.81,51
ISBC,9.58,51
IWD,130.77,51
IXJ,73.8,51
KALA,7.59,51
KAMN,52.83,51
KO,53.13,51
KXI,57.71,51
LAUR,14.17,51
LBTYA,23.06,51
LBTYK,22.34,51
LNG,55.27,51
MAGS,3.68,51
MHO,43.78,51
MOFG,24.18,51
NAVI,10.42,51
NDAQ,124.76,51
NGVT,65.41,51
NOAH,31.75,51
OCSI,7.37,51
ORC,5.56,51
OSIS,85.43,51
PANL,2.68,51
PCVX,34.98,51
PLBC,23.33,51
PRAA,40.69,51
PUK,34.12,51
PWOD,25.5,51
RDN,18.88,51
RPAI,8,51
SBAC,297.76,51
SLCA,4.22,51
SLG,57.95,51
SNOA,6.65,51
SNOW,264,51
SO,61.07,51
SOR,39.2,51
SRG,15.72,51
STEP,26.06,51
SWAN,32.47,51
TM,140.92,51
TMST,4.51,51
TPHD,25.27,51
TRS,27.5,51
TTMI,12.72,51
TWNK,13.53,51
ULVM,52.35,51
USA,6.5,51
VLUE,82.88,51
VLY,9.23,51
VPG,28.4,51
VSH,18.41,51
VTV,114.42,51
WAB,72.35,51
WBT,9.07,51
WDR,16.2,51
WELL,65.2,51
WH,55.27,51
XENT,19.44,51
XLF,27.42,51
XLV,108.98,51
ZBH,146.53,51
ZIXI,7.14,51
ALX,289.15,48
AMEH,18.38,48
AMH,28.57,48
AOM,42.38,48
APD,270.36,48
APOG,26.37,48
AYI,112.34,48
BB,5.36,48
BBN,25.84,48
BCBP,10.43,48
BOE,10.47,48
BRKL,11.83,48
BWX,30.51,48
BWZ,32.11,48
BY,15.13,48
CCRN,8.04,48
CET,30.06,48
CEZ,25.04,48
CIG,2.31,48
CKH,34.63,48
CLDR,11.18,48
CLH,71.79,48
CONN,10.89,48
CRMT,101.66,48
CSTE,12.23,48
CZZ,17.69,48
DPZ,385.04,48
DSPG,15.81,48
DT,35.96,48
DXPE,23.12,48
EBTC,26.12,48
ETY,12.15,48
EVBG,121.97,48
EWC,29.48,48
FBIZ,19.51,48
FLEH,23.6,48
FLQE,28.27,48
FNDE,26.8,48
FTGC,17.94,48
FUN,37.31,48
FWONK,41.13,48
FXE,111.67,48
GCP,23.84,48
GHM,15.57,48
GLPI,41.34,48
GMED,57.51,48
GNLN,2.9,48
GPMT,8.98,48
GRA,54.23,48
GSBC,46.66,48
HBCP,29.2,48
HCI,51.37,48
HEFA,29.92,48
HHC,71.94,48
HRL,49.99,48
HYT,11.3,48
ICHR,29.37,48
ILPT,21.81,48
IMOS,21.12,48
IUSV,59.69,48
IVE,123,48
IYF,126.42,48
KBR,26.86,48
KE,15.3,48
KRNY,9.88,48
LAND,14.96,48
LGFA,9.46,48
LITE,82.04,48
LNC,44.62,48
MA,333.88,48
MACK,3.78,48
MDLZ,57.6,48
MDP,18,48
MGP,30.9,48
MLR,33.29,48
MNA,33.88,48
MNR,14.74,48
MRLN,10.21,48
MTW,11.5,48
NFRA,53.2,48
NGG,61.9,48
NH,2.19,48
NOMD,23.25,48
NXRT,43.45,48
ORA,72.92,48
ORLY,451.39,48
PARR,11.92,48
PDLB,10.88,48
PEG,57.62,48
PEP,143.32,48
PEY,16.67,48
PHM,43.63,48
PLPC,60.08,48
PNNT,4.21,48
POST,96.7,48
PVBC,9.7,48
QADA,48.71,48
QDF,47.42,48
RBCAA,36.67,48
REXR,48.46,48
RHS,149.34,48
RNP,21.7,48
ROP,409.48,48
SENEA,41.13,48
SFNC,20.06,48
SIGI,61.34,48
SIRI,6.41,48
SKYW,39.16,48
SMPL,23.78,48
SUM,18.67,48
SYNH,62.37,48
TBI,17.87,48
TOWN,21.96,48
TREC,6.7,48
TRNO,58.9,48
UE,13.24,48
UN,58.98,48
UNM,21.44,48
USB,43.24,48
V,207.57,48
VTRS,18.11,48
VVV,22.14,48
WEN,22.58,48
WRB,66.86,48
XEL,69.35,48
ZION,38.39,48
ABM,38.25,46
ACET,12.25,46
ACRE,11.13,46
AER,39,46
AGD,9.86,46
ALTG,8.98,46
AMWL,23.78,46
AVD,14.81,46
BHK,15.86,46
BIF,10.86,46
BIT,16.4,46
BKD,4.04,46
BKR,18.31,46
BLRX,2.32,46
BTT,25.22,46
BTZ,14.5,46
CBT,41.69,46
CCF,105.53,46
CHT,38.23,46
CNOB,17.61,46
CQP,38.5,46
CRF,10.99,46
CSTR,12.74,46
CVBF,20.15,46
CVGW,71.49,46
CW,116.36,46
CZWI,8.84,46
DBA,15.39,46
DLR,143,46
DVY,92.84,46
EFF,15.16,46
ELY,18.78,46
ESSA,14.99,46
EVF,6.1,46
EVG,12.5,46
EWRE,28.92,46
EXG,8.28,46
FCCY,15.49,46
FEIM,9.94,46
FET,12.44,46
FFC,22.35,46
FFIC,14.37,46
FFNW,11.34,46
FHI,26.89,46
FIS,147.7,46
FMS,42.5,46
FOR,19.01,46
FXY,91.07,46
GBLI,27.21,46
GCI,2.33,46
GDX,35.57,46
GDYN,9.54,46
GHC,454.67,46
GIGB,56.14,46
GNK,7.39,46
GRES,26.87,46
GURE,4.6,46
HCAC,10.71,46
HLIT,6.58,46
IBCP,17.12,46
IHY,25.2,46
IMMR,8.05,46
ITUB,5.4,46
JCOM,84.2,46
KN,16.84,46
KVHI,10.11,46
LGFB,8.74,46
LILAK,11.87,46
LN,51.51,46
LQD,137.73,46
LW,71.6,46
MCO,274.12,46
MPLX,21.25,46
MTEX,16.2,46
NCZ,4.59,46
NFJ,12.74,46
NICK,7.8,46
NMFC,11.27,46
NMR,4.96,46
NPTN,8.07,46
NUV,10.9,46
PBCT,12.86,46
PEAK,30.6,46
PEBO,25.59,46
PLD,99.99,46
PLNT,66.71,46
PLYA,4.46,46
PXH,19.73,46
RADI,9.01,46
RBCN,8.72,46
RCI,45.69,46
RDNT,18.68,46
RDUS,15.59,46
RODM,27.69,46
SAFM,135.85,46
SFBC,30.5,46
SII,29.53,46
SLS,2.95,46
SRPT,134.42,46
SVMK,21.13,46
TAP,44.04,46
TDAC,11.1,46
TNDM,93.79,46
TS,15.01,46
UBX,4.73,46
UIVM,43.41,46
UMH,14.41,46
USMV,66.46,46
VALQ,40.59,46
VCTR,19.05,46
VERX,25.85,46
VNQI,53.16,46
VZ,60.21,46
WEC,95.55,46
WIP,55.84,46
WPM,40.84,46
WYNN,98.75,46
XLU,63.52,46
XRAY,48.87,46
ZCAN,61.12,46
ZNGA,8.16,46
ACI,15.75,43
ACWV,95.68,43
AEM,67.3,43
ALSN,40.39,43
AMRX,4.12,43
ANH,2.2,43
AOD,8.34,43
APEI,30.51,43
ARCC,16.24,43
ASUR,7.59,43
AZN,54.03,43
BHE,23.82,43
BHP,53.08,43
BRT,13.38,43
BUSE,20.62,43
CBNK,12.3,43
CDK,47.78,43
CERN,72.87,43
CLM,11.13,43
CLNC,7.29,43
CNS,67.58,43
COLM,83.89,43
CPHC,11.99,43
CTMX,7.41,43
CWT,50.04,43
DHC,4.68,43
DIAL,21.85,43
DIN,61.23,43
DJP,20.44,43
DXGE,30.18,43
EIS,57.46,43
EML,22.68,43
EQ,4.69,43
ES,88.19,43
ESRT,8.5,43
ESXB,6.49,43
EVER,40.55,43
EWM,27.54,43
EWS,21.1,43
FAX,4.17,43
FBND,55.05,43
FCF,9.95,43
FDS,317.96,43
FFBC,16.88,43
FLCO,27.18,43
FOXF,80.05,43
FTV,71.33,43
FVCB,13.15,43
FXB,128.37,43
GCMG,10.6,43
GFF,20.97,43
GNR,41.51,43
GO,37.52,43
GOLD,24.18,43
HARP,14.67,43
HCAT,33.15,43
HEDJ,65.44,43
HMN,40.7,43
HSY,149.4,43
HWBK,20.48,43
ICE,100.9,43
IG,27.59,43
IGF,43.23,43
IGIB,61.41,43
IMRA,20.55,43
IRET,72.87,43
IRMD,23.61,43
IRWD,11.7,43
ISTR,16.38,43
JKF,107.62,43
JMM,7.25,43
JOBS,71,43
KBH,36.09,43
KDP,29.76,43
KNX,42.09,43
KR,32.76,43
KT,10.56,43
LAMR,76.89,43
LDOS,100.34,43
LEMB,43.8,43
LOAC,10.9,43
NEA,14.66,43
NEOG,72.87,43
NYMT,3.3,43
NYT,40.06,43
OFC,26.88,43
ORCL,56.45,43
OSS,2.31,43
PAYA,10.52,43
PFF,37.59,43
PLMR,72.77,43
PMBC,4.61,43
PNW,83.55,43
PRI,129.96,43
PRU,75.79,43
RTX,71.11,43
SAIC,89.19,43
SBRA,16.78,43
SBSI,30.96,43
SCHP,61.15,43
SGMO,10.32,43
SIEN,4.93,43
SMBK,17.24,43
SNY,50.88,43
SONA,11.09,43
SPH,16.22,43
SPIB,36.99,43
SPKE,9.43,43
SPNE,13.7,43
SUN,28.95,43
TDTF,27.32,43
THCB,10.38,43
THG,115.14,43
TIF,131.53,43
TIP,125.53,43
TLT,160.09,43
TOTA,10.95,43
TPRE,9.31,43
TRNS,30.7,43
TSLX,19.95,43
TU,18.75,43
UL,59.18,43
USIG,61.77,43
VCIT,96.75,43
VSMV,33,43
WASH,38.98,43
WEX,174.98,43
WRTC,6.26,43
ABEV,2.8,39
ACGL,34.87,39
ACIA,69.25,39
AGEN,3.75,39
AGG,118.19,39
ALAC,10.76,39
APXT,10.17,39
ASB,15.84,39
ATEN,7.56,39
B,45.47,39
BA,205.67,39
BAB,33.27,39
BCML,14.72,39
BCPC,102.72,39
BIV,93.32,39
BKTI,3.02,39
BMRC,36.35,39
BND,88.3,39
BOND,112.51,39
BOX,17.54,39
BRMK,10.12,39
BW,3.06,39
BWA,37.71,39
CCBG,23.03,39
CID,28.6,39
CODI,19.08,39
CRDB,7.63,39
CURO,9.1,39
DISCA,25.02,39
EELV,21.42,39
EFAV,71.91,39
EMB,114.04,39
EMLC,32.39,39
EOI,15.6,39
ESTE,3.5,39
ETR,108.97,39
ETV,14.92,39
ETW,9.5,39
FIXD,55.3,39
FLCB,26.31,39
FLGB,21.73,39
FLHY,26.12,39
FLS,34.05,39
FNB,8.87,39
FRPH,45.03,39
FUNC,15.15,39
FUND,6.6,39
FWONA,37.42,39
G,40.6,39
GHYB,49.69,39
GLRE,7.97,39
GNE,8.82,39
GRC,34.01,39
HEWG,28.43,39
HIG,46.24,39
HIO,5.05,39
HNGR,21.12,39
HRB,18.07,39
HRTX,18.32,39
HTBI,17.97,39
HYLB,49.38,39
IEF,120.29,39
IEI,132.85,39
IFGL,26.31,39
INS,38.02,39
IPV,10.1,39
JNK,107.27,39
KHC,31.88,39
KOP,25.17,39
KORP,53.02,39
KRUS,15.7,39
LHX,195.76,39
LILA,11.89,39
LLY,143.41,39
MAA,126.14,39
MD,19.85,39
MKC,183.24,39
MMC,114.48,39
MYGN,17.21,39
NAD,14.78,39
NGVC,11.58,39
NIQ,14.37,39
NPK,88.72,39
NVG,16.05,39
NVT,21.62,39
OBNK,26.25,39
OR,10.68,39
OSG,2.08,39
OSK,80.19,39
PGC,21.13,39
PGX,15.12,39
PHB,19.16,39
PID,14.46,39
PLW,38.75,39
PLXS,74.32,39
PPH,64.9,39
PTY,17.01,39
QSR,59.51,39
QTS,62.49,39
RBB,15.22,39
RDWR,25.05,39
SJNK,26.54,39
SKX,33.23,39
SLGN,34.48,39
SPTI,33.03,39
STAY,12.85,39
TAOP,2.86,39
TCFC,26.78,39
TCPC,11.37,39
TDTT,25.72,39
TFX,372.27,39
TLH,163.23,39
TUR,23.7,39
UFPI,54.29,39
UITB,54.47,39
UNF,195.55,39
UVSP,19.13,39
VER,7.36,39
VIAV,13.62,39
VKQ,12.5,39
VRP,25.47,39
VTA,9.95,39
VTIP,50.78,39
VTOL,22.91,39
WETF,4,39
WIRE,52.5,39
WLFC,28.97,39
WLTW,204.49,39
WRI,21.75,39
XLRE,37.18,39
YLD,38.99,39
YORW,45.7,39
ACCO,7.49,36
ADUS,95.42,36
AEE,78.35,36
AMCI,10.28,36
AMT,238.43,36
AMX,14.14,36
ARE,163.74,36
ASPS,12.74,36
AVEO,5.88,36
BBL,43.37,36
BBRE,78.74,36
BHF,34.11,36
BLX,14.67,36
BMY,62.09,36
BNDX,58.43,36
BRBR,20.02,36
BSV,82.82,36
CATY,29.04,36
CECE,7.29,36
CEQP,16.31,36
CHCT,45.62,36
CNC,63.61,36
CNXN,45.1,36
COKE,268.64,36
CPT,97.85,36
CR,65.17,36
CRI,88.12,36
DAIO,3.69,36
DXC,22.03,36
DYAI,6.59,36
EFSC,34.34,36
ELD,33.83,36
ENV,76.33,36
ESS,254.15,36
EWU,28.61,36
EWZ,32.91,36
FBIO,2.76,36
FGEN,40.77,36
FINV,2.04,36
FNF,35.7,36
FR,42.03,36
FSS,31.7,36
GDO,17.5,36
GHIV,10.02,36
GLAD,8.35,36
GOVT,27.7,36
GUNR,30.26,36
HNNA,9.44,36
HR,30.97,36
HTBK,8.55,36
HYG,86.08,36
HYLV,25.29,36
HYMB,57.81,36
IBA,40.1,36
IDV,28.03,36
IGSB,55.04,36
IMAX,15.1,36
IVAC,5.97,36
IVH,12.49,36
IYR,85.28,36
JIH,10.05,36
LACQ,10.5,36
LDUR,102.02,36
LFAC,10.58,36
LXU,2.1,36
MCMJ,9.9,36
MCR,8.48,36
MFAC,10.37,36
MFG,2.74,36
MNCL,10.21,36
MNOV,5.95,36
MNSB,16.25,36
MTB,120.46,36
MUB,116.68,36
MUFG,4.48,36
NBB,22.01,36
NHS,11.42,36
NHTC,5.52,36
NKSH,31.9,36
NLY,7.84,36
NPA,10.11,36
NWBI,11.77,36
OHI,34.51,36
OPBK,7.38,36
ORCC,13.72,36
ORI,18.23,36
OVV,12.43,36
PCEF,21.5,36
PCY,28.21,36
PFBI,13.87,36
PFL,10.61,36
PMO,13.34,36
PSTL,16.09,36
PWV,36.9,36
RELL,4.59,36
RQI,11.8,36
SFST,30.91,36
SHY,86.36,36
SHYG,44.9,36
SMFG,6.14,36
SMP,46.39,36
SNDR,21.98,36
SPAB,30.81,36
SPG,80.63,36
SPLV,55,36
SPSB,31.37,36
SPTS,30.68,36
STN,30.06,36
STT,69.27,36
THBR,10.13,36
THCA,10.02,36
TRGP,23.24,36
UBP,11.73,36
UGP,3.88,36
URA,11.38,36
USAC,11.96,36
USTB,51.88,36
VALU,28.13,36
VCSH,82.99,36
VEDL,6.14,36
VGM,12.75,36
VKI,11.07,36
VMO,12.44,36
VMW,148.68,36
VNDA,12.47,36
VNLA,50.43,36
VNQ,85.07,36
VRIG,24.98,36
VRRM,12.12,36
VTEB,54.81,36
WORK,27.73,36
ACIW,30.83,31
AGGP,19.93,31
AIF,13.32,31
AIV,30.84,31
AKAM,101.5,31
AMAL,13.24,31
AMSWA,16.92,31
ANDA,10.19,31
AON,202.92,31
APTS,8.57,31
ARDC,13.23,31
ARI,10.84,31
AROW,30.65,31
BBDC,8.67,31
BDJ,8.1,31
BGT,11.72,31
BIL,91.52,31
BKLN,21.97,31
BMTC,30.28,31
BSAC,17.75,31
BTI,37.11,31
CAC,36.08,31
CAPL,16.62,31
CEMI,5.09,31
CG,27.8,31
CHCO,68.04,31
CHE,480,31
CHKP,119.18,31
CMS,60.58,31
CPB,49.32,31
CPZ,16.92,31
CURI,9.9,31
EA,120.14,31
EBS,80.56,31
EMD,13.25,31
EVV,12.05,31
EZPW,5.24,31
FLIA,25.36,31
FLOT,50.71,31
FLRN,30.59,31
FMTX,38.72,31
FNV,127.6,31
FTSM,60.06,31
GBIL,100.13,31
GEC,2.61,31
GHY,13.72,31
GLEO,9.9,31
GLT,15.85,31
GSST,50.8,31
GSY,50.58,31
GTNA,15.43,31
HSON,10.3,31
HYAC,10.1,31
ICFI,72.8,31
ISNS,4.18,31
JNJ,147.14,31
JPS,9.19,31
JPST,50.79,31
KAR,17.78,31
KREF,18.06,31
KTF,11.22,31
KW,16.49,31
LBC,10.22,31
LDP,24.62,31
LOMA,5.06,31
MANT,76.55,31
MBB,110.16,31
MCY,45.18,31
MDU,24.7,31
MGEE,69.87,31
MINT,102,31
MIXT,10.13,31
MLVF,14.63,31
MMT,5.91,31
MPB,21.9,31
MSBI,17.75,31
MVC,8.21,31
NBR,46.07,31
NCLH,21.02,31
NEAR,50.17,31
NID,13.47,31
NJR,35.81,31
NKX,15.3,31
NNN,40.13,31
NWPX,28.49,31
OAC,10.22,31
OCC,2.73,31
ONVO,8.9,31
OPES,10.87,31
ORRF,16.05,31
OSPN,19.26,31
PDCE,16.8,31
PFC,21.16,31
PFN,9.42,31
PGNY,29.31,31
PINC,33.94,31
PINE,15.2,31
PMT,16.97,31
PRGS,39.69,31
PTAC,10.12,31
PZZA,79.17,31
RE,233.83,31
REET,23.21,31
RELX,23.66,31
RESN,2.33,31
RGNX,36.58,31
RJI,4.55,31
RNA,29.9,31
RVSB,5.33,31
RWR,86.44,31
RWX,32.64,31
SAMA,10.19,31
SELF,3.99,31
SGOV,100.02,31
SHM,49.82,31
SRLN,44.95,31
STWD,17.44,31
SVA,6.47,31
SVBI,6.8,31
TFSL,16.75,31
THFF,37.34,31
TOTL,49.42,31
TRUE,3.97,31
TSQ,5.61,31
UBSI,29.52,31
UGI,36.04,31
USCI,30.68,31
VGR,11.29,31
VMBS,54.12,31
WDC,42.61,31
WERN,41.46,31
WTBA,19.04,31
WTMF,35.82,31
ZYXI,13.36,31
ADCT,33.72,27
AEGN,17.38,27
AGM,68.61,27
AGNC,15.1,27
ANAT,83.44,27
APO,44.7,27
ARGO,40.34,27
AWF,11.04,27
BGH,13.98,27
BPRN,22.5,27
BV,13.78,27
CACI,238.01,27
CALA,4.96,27
CAMP,8.89,27
CBD,13.07,27
CBFV,22.4,27
CCMP,145.49,27
CCNE,20.23,27
CIA,6.09,27
CIVB,16.15,27
CIZN,21.2,27
CNA,35.1,27
CONE,71.94,27
CRESY,3.92,27
CSOD,42.95,27
CVCO,197.66,27
DBC,13.53,27
DGICB,12.55,27
DISCK,22.52,27
DISH,33.96,27
DLTR,94.55,27
DOC,17.98,27
DOX,64.25,27
DSL,16.5,27
DXCM,330.64,27
ED,77.1,27
EDD,6.08,27
ERC,11.52,27
ESQ,18.64,27
ETM,2.27,27
FLGV,25,27
FLIC,17.73,27
FLT,260.28,27
FNCB,6.6,27
FRA,11.9,27
FSD,14.25,27
FSK,17.18,27
FSLF,12.98,27
FSTR,14.78,27
GDDY,76.34,27
GIB,70.05,27
GLNG,9.71,27
GQRE,56.39,27
HBI,13.56,27
HBMD,11.9,27
HPP,26.14,27
HTA,27.25,27
HYD,60.59,27
IDCC,59.6,27
IGIC,7.45,27
INDB,69.39,27
JGH,14.3,27
K,65.21,27
KALU,76.61,27
KBWD,15.68,27
KEP,9.42,27
LNDC,10.3,27
LNT,52.47,27
LOCO,15.26,27
LPG,9.61,27
MCHX,2.06,27
MGU,20,27
MIC,32.71,27
MLCO,18.77,27
MLP,11.21,27
MMS,73.35,27
MPW,19.23,27
MSD,8.96,27
ODC,35.31,27
OFIX,36.05,27
PB,61.25,27
PBIP,13.06,27
PDBC,14.07,27
PE,12.17,27
PETS,29.47,27
PFIS,39.94,27
PICO,9.07,27
PKE,12.53,27
PLUS,79.8,27
PRO,42.37,27
REG,47.76,27
RMNI,4.29,27
RSX,22.82,27
RYN,27.41,27
SJW,64.97,27
STAG,29.92,27
TKC,5.3,27
TSI,5.7,27
UAL,40.94,27
VEC,47.23,27
WHD,23.86,27
WIFI,13.25,27
WNEB,6.28,27
Y,600.07,27
AAP,146.08,25
ACP,9.97,25
ADMS,4.35,25
AKTS,7.93,25
ALKS,18.17,25
ALL,100.37,25
AMCX,29,25
AMGN,224.67,25
AMNB,27,25
AMOV,13.7,25
BAC,26.98,25
BCE,43.44,25
BCEL,14.54,25
BIGC,67.49,25
BK,38.49,25
BLPH,8.88,25
BXP,97.42,25
CAH,52.29,25
CASS,42.57,25
CBZ,24.49,25
CCJ,9.87,25
COG,17.18,25
CPLP,7.6,25
CTRE,19.27,25
CUZ,32.48,25
CVS,66.06,25
CYBR,108.31,25
D,79.76,25
DEM,38.81,25
DGICA,14.28,25
EGRX,46.95,25
EPAC,20.69,25
FEYE,14.24,25
FISI,20.17,25
FMNB,12.77,25
GBDC,13.8,25
GLYC,3.82,25
HDV,85.81,25
HSIC,63.5,25
HT,7.32,25
HUD,7.69,25
HUYA,20.99,25
ICUI,186.08,25
IDLV,29.71,25
IGR,6.54,25
INT,29.53,25
INVH,28.08,25
JBGS,31.13,25
KLR,7.12,25
KMB,141.74,25
KMPR,72.07,25
KPTI,15.64,25
LBAI,12.24,25
MIN,3.74,25
MORT,15.76,25
NFH,8.59,25
NVS,87.2,25
OMC,59.39,25
OTEX,42.66,25
PBFS,10.3,25
PCB,10.97,25
PM,77.51,25
PPL,29.23,25
RDCM,8.74,25
RELV,3.69,25
REM,29.75,25
RL,80.59,25
RNR,176.38,25
RPTX,27.81,25
SRCE,37.54,25
SSRM,18.19,25
SUNS,14.56,25
TLK,22.12,25
TOT,41.21,25
TRMK,25.84,25
UDR,38.8,25
UFPT,43.8,25
UFS,27.68,25
VERU,2.87,25
XMLV,45.6,25
ACNB,25.21,23
AEP,82.45,23
AGR,46.75,23
AMOT,40.44,23
ASRV,3.17,23
AVB,170.3,23
BCX,6.54,23
BDC,37,23
BGB,12.23,23
BHC,19.63,23
BPFH,7.34,23
BRID,18.36,23
BSVN,11.67,23
BWFG,18.35,23
CBIO,5.73,23
CCEP,42.53,23
CDZI,9.81,23
CEE,22.71,23
CINR,11.95,23
CMLS,6.43,23
CNQ,21.38,23
COMM,10.79,23
CTBI,34.63,23
CWBC,8.24,23
CXO,57.24,23
DCT,39.35,23
DEI,31.88,23
DKL,28.68,23
DSU,10,23
DVN,13.56,23
EVOP,25.81,23
FLO,22.43,23
FMAO,23.13,23
FSI,2.19,23
GLV,9.71,23
GREK,21.8,23
GTY,28.85,23
HCSG,22.98,23
HRC,96.73,23
IHRT,9.84,23
IID,4.46,23
IOSP,80.73,23
IPOC,9.99,23
JFR,8.4,23
JPC,8.86,23
JRO,8.33,23
KMX,94.53,23
KRC,62.72,23
LOAN,4.72,23
LXFR,14.55,23
MFM,6.53,23
MRK,80.39,23
NHI,65.54,23
NTIC,9.23,23
NTST,17.4,23
NWFL,27.45,23
OM,59,23
PAE,9.61,23
PII,92,23
PKBK,14.66,23
PRSP,22.3,23
PRTA,11.79,23
PSTV,2.19,23
RLH,2.34,23
RMR,32.23,23
SBLK,7.09,23
SBNY,106.02,23
SCHH,38.04,23
SGMA,3.34,23
SQNS,4.17,23
SRE,130.25,23
TR,31.99,23
UBFO,6.93,23
UVV,45.2,23
VOD,16.34,23
WLL,18.86,23
WMG,29.23,23
XSLV,38.02,23
ADT,8.03,21
AG,10.15,21
AGIO,41.79,21
ALLO,32.13,21
AMBC,14.86,21
AMPH,18.32,21
AWI,78.97,21
BDTX,33.02,21
BGX,12.94,21
BKH,62.55,21
CINF,78.35,21
CTT,9.61,21
ENIA,7.54,21
FCBP,16.64,21
FMBI,14.29,21
FPH,5.73,21
FROG,62.12,21
FRT,90.79,21
GENC,11.83,21
GRFS,19.21,21
GTYH,3.63,21
HAL,16,21
ITI,4.75,21
JKHY,161.52,21
KNSA,14.92,21
KOF,45.91,21
LCNB,15.03,21
LMT,376.46,21
LOPE,84.49,21
LXP,10.46,21
MANU,15.54,21
MCB,32,21
MCBC,7.91,21
MGRC,64.6,21
MSGS,172,21
NFBK,11.27,21
NLOK,18.67,21
NLSN,16.07,21
ORAN,12.33,21
OUT,17.78,21
OXFD,13.61,21
PBRA,8.96,21
PCI,19.94,21
PETQ,28.2,21
PFE,36.19,21
PFS,15.31,21
PKO,23.67,21
PQG,12.51,21
PSEC,5.3,21
PTVCB,14.59,21
QURE,46.16,21
SEIC,54.29,21
SFM,20.28,21
SLRC,17.24,21
SNLN,15.86,21
SNP,46.05,21
TGP,11.97,21
TRC,14.58,21
TRTX,9.61,21
USNA,74.82,21
VGI,11.34,21
VRSN,197.44,21
WPX,6.92,21
WRE,23.64,21
WSR,7.7,21
WTRG,43.06,21
XERS,4.63,21
AINV,10.76,20
ALNY,123.81,20
ARCO,4.78,20
ATLO,21.08,20
AYX,115.28,20
BVN,11.43,20
BWG,11.74,20
CCU,14.3,20
CCX,10,20
CFRX,5.16,20
CLS,7.1,20
CNTY,6.09,20
CVCY,14.16,20
CVM,11.37,20
CXP,13.89,20
CYTK,15.84,20
DBX,18.92,20
EQC,26.54,20
EVBN,26.63,20
EVLO,4.8,20
FCBC,21.93,20
FOF,11.35,20
FREE,8.29,20
FTF,8.53,20
FULC,11.06,20
FXNC,15.05,20
GHL,11.82,20
GIM,5.32,20
GNL,16.79,20
GWB,16.9,20
HSBC,25.38,20
IDA,90,20
JMP,2.68,20
KIDS,45.38,20
LMND,62.17,20
LRN,24.15,20
MBIO,3.19,20
MBWM,23.86,20
MODN,32.03,20
NI,23.6,20
NWE,58.43,20
O,61.11,20
OII,6.71,20
PCOM,10.8,20
PDI,25.75,20
PESI,6.42,20
PGAL,9.61,20
PSB,133.78,20
RKT,21.26,20
RXT,16.17,20
SCD,11.12,20
SHEN,45.11,20
SRTS,2.78,20
SYRS,7.87,20
TARA,21.74,20
TNC,66.24,20
UEPS,3.39,20
UUP,24.9,20
VLGEA,23.52,20
WLKP,19.84,20
WPC,70.03,20
XGN,15.24,20
XRX,21.91,20
ADC,64.89,19
AKR,14.22,19
ALCO,30.94,19
AMRB,10.8,19
AVT,28.82,19
BEN,20.85,19
BWXT,57.01,19
BXMT,25.72,19
CALM,39.2,19
CHRS,17.92,19
CODA,5.67,19
COLD,35.02,19
COMT,25.33,19
CRAI,43.7,19
CRDA,7.5,19
CSII,35.08,19
DHT,5.19,19
DRAD,2.42,19
EDIT,28.03,19
EIG,33.05,19
EPOL,17.27,19
ERUS,35.39,19
FCFS,65.65,19
FDP,24.35,19
FTNT,117.03,19
GBL,13.66,19
GD,149.99,19
GOOD,18.05,19
HBT,13.25,19
HE,36.81,19
HOPE,9.59,19
HURC,29.5,19
IEP,51.86,19
IGD,5.08,19
JLS,18.9,19
KNL,14.06,19
LMST,12,19
LTC,37.53,19
MIME,42.1,19
NFG,41.42,19
NRC,55.13,19
OGE,33.48,19
OGS,76.29,19
OPP,14.1,19
ORGS,4.7,19
OYST,21.52,19
PBR,9.2,19
PCYG,4.76,19
PTVCA,15.06,19
QADB,31.8,19
REFR,2.73,19
REYN,29.76,19
RGP,11.94,19
RPRX,41.48,19
SCS,12.39,19
SCU,14.1,19
SCX,3.73,19
SJB,19.19,19
SJR,17.68,19
SRC,35.98,19
SUI,139.9,19
SWX,67.42,19
TBF,15.58,19
TSC,15.62,19
UBA,12.67,19
UFI,15.22,19
UNVR,17.4,19
VIE,34.9,19
WABC,57.76,19
WMB,20.16,19
AAT,28.93,17
AC,36.48,17
ACEL,10.39,17
ADVM,12.68,17
ALLT,9.97,17
ARLP,4.06,17
ARR,10.49,17
AU,22.22,17
AVAL,5.06,17
AVRO,16.98,17
BDX,232.9,17
BNFT,12.34,17
C,52.14,17
CAAP,2.87,17
CF,32.15,17
CIB,29.87,17
CSCO,41.17,17
CTXS,120.77,17
CYBE,25.07,17
DAKT,4.36,17
EAF,7.51,17
EKSO,4.71,17
EPD,19.39,17
FOX,27.27,17
FOXA,27.71,17
GOGL,3.97,17
GSG,11.2,17
HTLD,19.07,17
IBOC,32.09,17
ICAD,9.23,17
INGN,36.34,17
INGR,76.16,17
JQC,6.05,17
KLDO,6.92,17
MMAC,24.98,17
NATI,35.43,17
NHC,66.17,17
NKTX,34.03,17
NOK,3.89,17
NRO,4.02,17
PCYO,10,17
PFHD,14.63,17
PLAB,11.1,17
PPC,18.82,17
RGCO,23.46,17
SANW,2.18,17
SCWX,11.66,17
TAST,5.55,17
TCMD,42.95,17
TPL,574.99,17
TRST,6.22,17
UTMD,84.44,17
VNO,39.84,17
AHH,10.59,16
AJX,9.78,16
AKOB,13.1,16
AMK,23.79,16
ATRS,2.93,16
AVA,37.5,16
AWR,74.74,16
BAX,78.88,16
BBCP,3.61,16
BCSF,11.69,16
BMRN,75.13,16
BRC,45.4,16
CCL,18.19,16
CHX,11.83,16
COHR,122.17,16
CRS,24.99,16
DBO,7.4,16
DMAC,4.27,16
EGLE,17.09,16
EQR,59.86,16
EVRG,53.69,16
FAF,50.38,16
HESM,17.71,16
HIW,37.2,16
HNP,16.14,16
HPE,10.49,16
HWCC,2.73,16
ICBK,20.29,16
IMO,17.29,16
ITGR,70.8,16
LLIT,3.68,16
LMNR,14.8,16
MO,40.06,16
MSGN,11.5,16
NBTB,30.8,16
NEWR,56.71,16
NEWT,17.77,16
NTUS,20.34,16
OLP,17.73,16
OTTR,40.4,16
PBH,36.21,16
PHAS,3.68,16
PLOW,38.21,16
PPT,4.61,16
PROV,13.67,16
PSTX,11.06,16
RA,17.11,16
RPT,7.16,16
SR,63.39,16
SRDX,37.45,16
STBA,23.45,16
SUPN,21.11,16
TIMB,13.03,16
TMP,66.59,16
UNAM,5,16
WU,21.53,16
XAIR,5.5,16
ACHV,9,15
AFI,3.15,15
AGFS,2.23,15
AGTC,4.05,15
AMSF,57.27,15
ANIK,36.54,15
AT,2.06,15
BDGE,21.52,15
BSM,7.35,15
CARA,15.93,15
CASI,2.01,15
CEO,114.91,15
CGA,2.7,15
CZNC,18.67,15
DBI,7.55,15
DEA,21.98,15
DNP,10.44,15
EC,11.84,15
ENIC,3.54,15
EQNR,15.09,15
GASS,2.5,15
HP,20.75,15
IAG,3.37,15
IBM,117.18,15
IGE,22.24,15
IMKTA,37.64,15
JNPR,21.94,15
JWA,34.33,15
KNOP,13.72,15
LIVN,50.59,15
MNTX,4.41,15
MPC,39.08,15
NTCT,22.8,15
NVGS,8.04,15
PRGO,48.81,15
RLMD,36.41,15
TAK,17.45,15
TAYD,9.62,15
TNAV,4.76,15
TSN,62.34,15
USM,31.22,15
VRS,10.67,15
WW,26.2,15
XES,38.33,15
ADES,5.26,14
AEY,2.11,14
AKUS,19.48,14
ALE,56.22,14
ARCE,40.81,14
ATO,95.1,14
AUDC,26.42,14
AVDL,6.82,14
BAP,133.59,14
BDN,10.79,14
CFB,9.55,14
CIM,10.04,14
CME,165.93,14
COLL,18.57,14
CRY,19.98,14
CVX,85.73,14
DBE,9.7,14
DCOM,13.82,14
E,19.4,14
ELS,60.72,14
ENBL,5.16,14
EPAY,44.17,14
EXEL,19,14
FC,22.05,14
FCN,105.4,14
FLSP,21.23,14
FONR,19.82,14
GILD,60.63,14
GPP,8.31,14
GSK,37.14,14
HAFC,10.35,14
HEQ,11.18,14
HFRO,8.8,14
HOLI,11.63,14
IFRX,3.91,14
IIIV,24.6,14
ILMN,299,14
INCY,81.69,14
INOV,18.96,14
IONS,50.45,14
JBSS,75.72,14
LADR,8.75,14
LC,6.37,14
MAC,9.21,14
MAIN,31.31,14
MBT,8.37,14
MTDR,9.42,14
MTRX,10.33,14
NOC,309.48,14
NREF,14.4,14
NRZ,8.62,14
NYCB,9.15,14
OIH,134.35,14
PASG,16.51,14
PATI,9.24,14
PBYI,10.07,14
PDM,15.67,14
PFBC,38.23,14
PLYM,13.31,14
POR,41.92,14
POWL,26.87,14
PXLW,2.69,14
QLYS,89.88,14
QUOT,7.51,14
RAVN,23.54,14
RDSA,33.18,14
RES,3.15,14
REV,9.17,14
SAFT,73.96,14
SBBP,2.57,14
SCSC,24.68,14
SIMO,37.51,14
SLB,20.46,14
SLNO,2.02,14
SNN,38.83,14
SPOK,9.77,14
SRGA,2.18,14
TBNK,22.5,14
TDC,21.08,14
TSHA,21.5,14
TWO,6.26,14
UG,14.48,14
ULBI,6.54,14
VNRX,3.45,14
WMC,2.91,14
WWE,41.95,14
XAN,3.06,14
ZTR,8.27,14
AMJ,13.96,13
ARMP,3.14,13
ATRI,601.8,13
BCOR,12.55,13
BFIN,7.97,13
BGSF,11.07,13
CAJ,18.33,13
CBOE,89.91,13
CHA,30.86,13
CLI,13.79,13
CMO,5.68,13
CPF,16.95,13
CSGS,42.44,13
EBF,16.6,13
ENR,41.43,13
HAYN,21.15,13
HES,47.07,13
IFF,111.95,13
LGL,8.84,13
MMP,42,13
NEU,365.54,13
OCFC,16.01,13
RDSB,31.53,13
SBT,3.57,13
SLQT,21,13
SOLY,7.77,13
SWCH,15.15,13
SYBX,2.08,13
TG,15.9,13
TIG,14,13
VREX,14.79,13
WGO,50.01,13
ZUO,11.45,13
AAIC,3,12
AKOA,10.92,12
AMLP,25.29,12
AWRE,2.68,12
BFS,30.49,12
BROG,8.9,12
BSX,34.21,12
CIEN,42.53,12
CMCT,10.39,12
CYAD,8.81,12
ECOL,35,12
ECPG,32.68,12
ERJ,6.09,12
FLY,7.97,12
GALT,2.58,12
GRPN,27.75,12
IXC,19.59,12
KDMN,3.9,12
KEX,48.04,12
KMI,14.4,12
LORL,19.97,12
MRCY,68.17,12
NCMI,3.4,12
NCNO,76.81,12
NVEC,51.5,12
OXSQ,2.91,12
PSN,32.22,12
PXD,96.63,12
RGLD,109.83,12
RMAX,30,12
SM,3.43,12
T,28.28,12
TREE,270.15,12
VST,18.53,12
WAFD,24.35,12
YRD,3.59,12
ZYNE,4.08,12
AAL,12.79,11
AJRD,37.83,11
AMTB,12.93,11
APTX,3.17,11
ATNI,49.9,11
AUTL,11.22,11
BIOC,4.44,11
BKCC,2.89,11
CARE,8.32,11
CIO,8.47,11
CMPR,86.07,11
CNK,14.52,11
COP,39.47,11
DRQ,29.81,11
EIGR,10.39,11
ESGC,2.26,11
FLIR,37.59,11
FTI,8.48,11
FUSN,12.91,11
GAIN,9.63,11
GIFI,3.01,11
GNCA,2.07,11
GPRK,9.66,11
HII,162.21,11
IPI,11.8,11
IRM,25.79,11
ITCB,4.21,11
KBAL,11.41,11
KMF,5.17,11
KYN,5.9,11
LCI,6.19,11
LNTH,12.75,11
MDLY,6.89,11
MERC,7.69,11
MOR,26.4,11
MRC,5.93,11
MSC,14.87,11
NAT,3.25,11
NCNA,4.78,11
NHF,9.71,11
NRG,30.97,11
NTWK,2.87,11
OKE,33.3,11
OMER,11.79,11
OPI,23.12,11
OPTN,4.98,11
PAND,15.3,11
PCTI,6.23,11
PFPT,98.16,11
PMVP,31.86,11
PRA,16.12,11
PTEN,4.24,11
PTR,32.8,11
RAD,10.93,11
REAL,13.44,11
RFIL,4.56,11
RUBY,5.35,11
RVI,14.67,11
SFE,6.34,11
SH,18.9,11
SSL,7.51,11
TESS,5.81,11
TEVA,9.35,11
THS,39.14,11
TRP,42.46,11
UK,8.55,11
VDE,48.74,11
VIV,8.65,11
WEYS,17.24,11
WFC,26.16,11
XENE,10.53,11
XOP,52.6,11
AFIN,7.45,10
AOUT,14.96,10
ARDX,5.71,10
ATGE,28.07,10
BBAR,3.08,10
BGR,6.98,10
BRFS,3.94,10
CCOI,58.36,10
CHMI,9,10
CMTL,18.07,10
CNTG,11.24,10
DENN,10.87,10
DLX,26.71,10
FENY,9.54,10
FLXN,11.09,10
FSP,4.87,10
HURN,43.05,10
IYE,19.17,10
LUMN,9.82,10
MG,4.96,10
MGTX,12.92,10
NNA,4.19,10
NP,44.52,10
ONCT,2.87,10
PAHC,19.02,10
PUMP,5.65,10
QIWI,15.07,10
SAP,118.68,10
SJI,22.66,10
SSYS,13.86,10
TCP,29.96,10
TEF,4.16,10
TILE,8.27,10
TIPT,5.4,10
VIRC,2.25,10
VITL,30,10
WBA,37.85,10
ZIOP,2.74,10
ACER,2.82,9
AERI,12.37,9
ANIX,2.18,9
BIIB,244.01,9
CATM,22.9,9
CEPU,2.45,9
CNSL,5.04,9
EDN,3.41,9
EHTH,74.6,9
ELOX,2.98,9
ENB,29.14,9
ENOB,3.24,9
ENTA,44.15,9
EOG,45.46,9
ETNB,25.97,9
ETRN,7.92,9
FCRD,3.28,9
FEN,10.72,9
FI,2.3,9
GSIT,5.84,9
HCHC,2.3,9
HGLB,5.77,9
HRTG,10.57,9
HSTM,19.26,9
INSW,16.87,9
INVA,11.18,9
JAKK,4.99,9
JCS,4.34,9
KRYS,42.42,9
LJPC,4.54,9
NBLX,9.28,9
NEX,2.83,9
NKTR,17.27,9
NM,2.05,9
NMRD,4.12,9
NOV,12.31,9
NWLI,189.8,9
PAA,8.26,9
SBS,8.32,9
SCHL,23.2,9
SCYX,6.68,9
SGA,21.55,9
SOI,6.99,9
TBPH,17.15,9
TDS,18.83,9
TMDX,14.23,9
TMV,52.44,9
URGN,21.61,9
UTI,5.83,9
VKTX,6.21,9
VRCA,9.28,9
VRTX,211.97,9
XLE,35.98,9
AGS,4.55,8
ALIM,4.75,8
ARQT,21.39,8
CEIX,5.11,8
CERC,2.3,8
CHU,6.23,8
CPRX,3.32,8
CVE,4.63,8
CVU,2.87,8
EPM,2.69,8
EPR,31.84,8
FPL,4.3,8
GILT,5.4,8
GSKY,4.18,8
GTH,11.6,8
HEPA,2.68,8
INTC,45.62,8
JAMF,31.38,8
LMNX,21.32,8
LX,7.82,8
MGY,5.97,8
MNRL,11.26,8
MRO,5.69,8
MSON,12.36,8
NC,24.04,8
NRGX,7.54,8
PBT,2.7,8
PDLI,2.47,8
PIRS,2.72,8
PPIH,5.37,8
PS,15.94,8
PSHG,5.38,8
PSX,61.45,8
QTNT,5.78,8
RTLR,8.35,8
SBH,10.41,8
TWIN,5.68,8
WSG,2.09,8
BDSI,4.1,7
BLKB,53.65,7
CHL,30.23,7
CLB,20.9,7
CLR,15.49,7
CRK,4.68,7
CWCO,11.04,7
FANG,39.44,7
FE,29.04,7
GSH,9.12,7
IVR,3.22,7
LFVN,11.06,7
LIFE,3.32,7
LTRPA,2.63,7
MFGP,4.45,7
MNRO,43.34,7
NBIX,87.45,7
NNVC,3.65,7
NWN,47.85,7
NYMX,2.1,7
PAGP,8.23,7
PING,21.72,7
QUAD,2.95,7
RKDA,3.05,7
RMCF,3.68,7
RNGR,3.21,7
RWM,28.35,7
SECO,2.6,7
SMLP,14.37,7
SNCR,3.02,7
THR,13.22,7
UTL,37.47,7
XIN,2.02,7
ABIO,3.74,6
ARCH,30.39,6
ASAN,22,6
BVH,11.6,6
CARG,22.25,6
CDTX,2.49,6
CHMA,3.99,6
CLPR,6.03,6
CNST,22.89,6
CPE,8.15,6
CPIX,2.94,6
CSPI,7.85,6
CYCN,3.02,6
DVAX,4.45,6
ELMD,9.69,6
GDRX,38,6
GEO,9.45,6
GEOS,6.52,6
GGAL,8.33,6
HFFG,7.72,6
HLX,3.38,6
HYMC,7.75,6
KRP,7.3,6
LEGN,27.15,6
LGC,8.05,6
LGND,81.54,6
LLNW,4.26,6
MEDS,4.78,6
NUVA,46.48,6
QUIK,2.97,6
RYB,2.7,6
SFUN,10.47,6
SOHO,2.13,6
SU,15.44,6
SYNL,6.64,6
TYG,19.11,6
UFCS,23.49,6
USAP,6.81,6
VLO,51.21,6
VNOM,10.06,6
XOM,37.4,6
YPF,4.78,6
ZAGG,3.26,6
AAOI,7.77,5
ACIU,5.29,5
AINC,6.5,5
ANIP,27.86,5
API,35.99,5
APRE,20.98,5
ATRO,9.5,5
BIS,28.78,5
BP,19.53,5
BWLA,8,5
CACC,307.6,5
CATO,8.04,5
CRNX,13.4,5
CTR,13.8,5
CUE,12.7,5
DMS,7.15,5
EMO,12.47,5
ET,6.12,5
FIXX,9.72,5
GEL,6.09,5
GLOG,2.96,5
GMLP,2.36,5
GSMG,2.6,5
HALL,3.41,5
HEP,12.85,5
KIN,3.75,5
LOGC,6.01,5
LOOP,7.56,5
MBI,6.07,5
MGTA,6.69,5
MITT,3.12,5
MPLN,7.58,5
MTEM,9.37,5
NS,13.21,5
NTP,5.05,5
OIS,4.16,5
ORMP,2.58,5
OXY,13.36,5
PHIO,2.18,5
PVAC,9.2,5
RDI,3.47,5
SALT,15.08,5
SATS,24.5,5
SGLB,2.47,5
SHLX,9.89,5
STFC,15.6,5
SUMO,19.26,5
TALO,8.3,5
TNK,11.18,5
TRVI,3,5
USDP,3.34,5
USEG,3.43,5
USO,29.08,5
VRM,36.71,5
VSAT,34.99,5
WHG,12.4,5
WTTR,4.3,5
WVE,8.77,5
AHT,4.25,4
ALEC,12.35,4
APLT,19.25,4
ARVN,23.36,4
BMA,15.11,4
BRY,3.37,4
CLXT,3.59,4
EPZM,11.32,4
ESPR,29.52,4
EXTN,3.75,4
EYEG,3.38,4
FLMN,2.35,4
GER,7.73,4
GLPG,123.38,4
HDGE,3.43,4
HFC,22.88,4
LYRA,10.98,4
NERV,3.6,4
NTG,18.87,4
PBFX,9.08,4
PMD,4.1,4
PRDO,11.16,4
PRVL,10.09,4
PSXP,26.53,4
RAPT,16.26,4
SCOR,2.26,4
SDS,13.71,4
TNP,7.95,4
UHT,59.68,4
UNG,9.9,4
VERO,2.26,4
VNCE,5.02,4
VYGR,8.6,4
XFOR,6.77,4
ZGNX,19.86,4
AMRS,2.27,3
APA,11.35,3
ARAV,5.65,3
AXDX,8.42,3
BLUE,44.16,3
BPTH,3.34,3
CSPR,6.2,3
DBVT,2.36,3
DK,13.59,3
DNOW,5.59,3
DSSI,6.62,3
EOLS,3.41,3
ERF,2.36,3
FANH,14.57,3
GBT,43.46,3
GOCO,12.02,3
GORO,2.92,3
GTHX,12.12,3
MCS,11.33,3
OBSV,2,3
ORTX,4.62,3
PIH,3.01,3
PRQR,4.01,3
QH,7.13,3
QLGN,3.64,3
RGS,7.2,3
SFL,7.04,3
SIEB,3.94,3
SMHI,2.07,3
STNG,11.28,3
STRA,88.42,3
TK,2.15,3
TLRY,6.73,3
TRHC,33.94,3
TUFN,7.82,3
UVE,14.18,3
WBAI,2.84,3
XNET,2.71,3
ASC,2.99,2
ATEX,28.7,2
BCLI,4.26,2
BEST,3.01,2
BSGM,4.08,2
CDOR,3.27,2
CELP,2.51,2
CGIX,2.25,2
CLVS,4.29,2
CVI,14.26,2
CXW,6.82,2
CYCC,3.52,2
DSS,4.88,2
GNFT,4.22,2
GOSS,8.93,2
GTT,3.84,2
HCAP,3.14,2
ICD,3.09,2
IDXG,2.89,2
KRMD,4.54,2
LQDA,3.4,2
LTBR,3.11,2
MOMO,15.24,2
MUR,9.79,2
NRBO,5.38,2
NXTC,9.98,2
OCUP,5.72,2
PAYS,4.5,2
SFT,6.71,2
SIOX,2.26,2
THMO,2.54,2
VET,3.63,2
AKBA,2.91,1
AMC,3.19,1
AMRN,4.54,1
ASMB,5.37,1
ATXI,3.36,1
AXAS,2.05,1
BLCM,2.88,1
CHFS,6.86,1
CORR,5.52,1
EVFM,2.33,1
FARM,4.55,1
FNHC,5.81,1
FRAN,3.09,1
GLBS,7.91,1
GLOP,2.66,1
GRTS,2.72,1
HPK,5.15,1
HPR,11.33,1
ICPT,37.25,1
JT,2.82,1
KERN,2.75,1
KLXE,6.41,1
LPI,11.41,1
MDVL,9,1
NGL,2.84,1
NOG,5.58,1
ODT,14.42,1
PBF,7.36,1
PROG,4,1
PYPD,8.99,1
RMED,5.94,1
SONN,2.48,1
SRL,4.26,1
STSA,4.25,1
TCDA,7.52,1
UIHC,4.65,1
,,
,,
"Screen results as of 04:00 PM Eastern, Thursday, November 19, 2020",,
,,
"Data provided by William O'Neil + Co., Inc.  2020. All Rights Reserved.",,
"Investor's Business Daily is a registered trademark of Investor's Business Daily, Inc.",,
Reproduction or redistribution other than for personal non-commercial use is prohibited.,,
Provided by Nasdaq Last Sale. Real-time quote and/or trade prices are not sourced from all markets.,,
